source_kind,bundle_model_code,component_model_code,context_release_price,context_delivery_price,default_qty,sheet_row
SINGLE,AC060CS6PBH1SY,PC6NUNK1NW,189200,128000,1,6
SINGLE,AC060CS6PBH1SY,PC6NUDK1NW,189200,128000,1,7
SINGLE,AC060CS6PBH1SY,PC6NBNK1NW,272800,188000,1,8
SINGLE,AC060CS6PBH1SY,PC6NBDK1NW,272800,188000,1,9
SINGLE,AC060CS6PBH1SY,PC6EUCK1NW,1012000,678000,1,10
SINGLE,AC060CS6PBH1SY,PC6NUCK1NW,1012000,678000,1,11
SINGLE,AC060CS6PBH1SY,PC6EUXK1NW,279400,188000,1,12
SINGLE,AC060CS6PBH1SY,PC6NUXK1NW,279400,188000,1,13
SINGLE,AC060CS6PBH1SY,AR-EH05,25300,16000,1,14
SINGLE,AC060CS6PBH1SY,AWR-WG00N,137500,91000,1,15
SINGLE,AC060CS6PBH1SY,AWR-WE13N,82500,56000,1,16
SINGLE,AC072CS6PBH1SY,PC6NUNK1NW,189200,128000,1,20
SINGLE,AC072CS6PBH1SY,PC6NUDK1NW,189200,128000,1,21
SINGLE,AC072CS6PBH1SY,PC6NBNK1NW,272800,188000,1,22
SINGLE,AC072CS6PBH1SY,PC6NBDK1NW,272800,188000,1,23
SINGLE,AC072CS6PBH1SY,PC6EUCK1NW,1012000,678000,1,24
SINGLE,AC072CS6PBH1SY,PC6NUCK1NW,1012000,678000,1,25
SINGLE,AC072CS6PBH1SY,PC6EUXK1NW,279400,188000,1,26
SINGLE,AC072CS6PBH1SY,PC6NUXK1NW,279400,188000,1,27
SINGLE,AC072CS6PBH1SY,AR-EH05,25300,16000,1,28
SINGLE,AC072CS6PBH1SY,AWR-WG00N,137500,91000,1,29
SINGLE,AC072CS6PBH1SY,AWR-WE13N,82500,56000,1,30
SINGLE,AC090CS6PBH1SY,PC6NUNK1NW,189200,128000,1,34
SINGLE,AC090CS6PBH1SY,PC6NUDK1NW,189200,128000,1,35
SINGLE,AC090CS6PBH1SY,PC6NBNK1NW,272800,188000,1,36
SINGLE,AC090CS6PBH1SY,PC6NBDK1NW,272800,188000,1,37
SINGLE,AC090CS6PBH1SY,PC6EUCK1NW,1012000,678000,1,38
SINGLE,AC090CS6PBH1SY,PC6NUCK1NW,1012000,678000,1,39
SINGLE,AC090CS6PBH1SY,PC6EUXK1NW,279400,188000,1,40
SINGLE,AC090CS6PBH1SY,PC6NUXK1NW,279400,188000,1,41
SINGLE,AC090CS6PBH1SY,AR-EH05,25300,16000,1,42
SINGLE,AC090CS6PBH1SY,AWR-WG00N,137500,91000,1,43
SINGLE,AC090CS6PBH1SY,AWR-WE13N,82500,56000,1,44
SINGLE,AC100CS6PBH1SY,PC6NUNK1NW,189200,128000,1,48
SINGLE,AC100CS6PBH1SY,PC6NUDK1NW,189200,128000,1,49
SINGLE,AC100CS6PBH1SY,PC6NBNK1NW,272800,188000,1,50
SINGLE,AC100CS6PBH1SY,PC6NBDK1NW,272800,188000,1,51
SINGLE,AC100CS6PBH1SY,PC6EUCK1NW,1012000,678000,1,52
SINGLE,AC100CS6PBH1SY,PC6NUCK1NW,1012000,678000,1,53
SINGLE,AC100CS6PBH1SY,PC6EUXK1NW,279400,188000,1,54
SINGLE,AC100CS6PBH1SY,PC6NUXK1NW,279400,188000,1,55
SINGLE,AC100CS6PBH1SY,AR-EH05,25300,16000,1,56
SINGLE,AC100CS6PBH1SY,AWR-WG00N,137500,91000,1,57
SINGLE,AC100CS6PBH1SY,AWR-WE13N,82500,56000,1,58
SINGLE,AC100CS6PHH1SY,PC6NUNK1NW,189200,128000,1,62
SINGLE,AC100CS6PHH1SY,PC6NUDK1NW,189200,128000,1,63
SINGLE,AC100CS6PHH1SY,PC6NBNK1NW,272800,188000,1,64
SINGLE,AC100CS6PHH1SY,PC6NBDK1NW,272800,188000,1,65
SINGLE,AC100CS6PHH1SY,PC6EUCK1NW,1012000,678000,1,66
SINGLE,AC100CS6PHH1SY,PC6NUCK1NW,1012000,678000,1,67
SINGLE,AC100CS6PHH1SY,PC6EUXK1NW,279400,188000,1,68
SINGLE,AC100CS6PHH1SY,PC6NUXK1NW,279400,188000,1,69
SINGLE,AC100CS6PHH1SY,AR-EH05,25300,16000,1,70
SINGLE,AC100CS6PHH1SY,AWR-WG00N,137500,91000,1,71
SINGLE,AC100CS6PHH1SY,AWR-WE13N,82500,56000,1,72
SINGLE,AC110CS6PBH1SY,PC6NUNK1NW,189200,128000,1,76
SINGLE,AC110CS6PBH1SY,PC6NUDK1NW,189200,128000,1,77
SINGLE,AC110CS6PBH1SY,PC6NBNK1NW,272800,188000,1,78
SINGLE,AC110CS6PBH1SY,PC6NBDK1NW,272800,188000,1,79
SINGLE,AC110CS6PBH1SY,PC6EUCK1NW,1012000,678000,1,80
SINGLE,AC110CS6PBH1SY,PC6NUCK1NW,1012000,678000,1,81
SINGLE,AC110CS6PBH1SY,PC6EUXK1NW,279400,188000,1,82
SINGLE,AC110CS6PBH1SY,PC6NUXK1NW,279400,188000,1,83
SINGLE,AC110CS6PBH1SY,AR-EH05,25300,16000,1,84
SINGLE,AC110CS6PBH1SY,AWR-WG00N,137500,91000,1,85
SINGLE,AC110CS6PBH1SY,AWR-WE13N,82500,56000,1,86
SINGLE,AC110CS6PHH1SY,PC6NUNK1NW,189200,128000,1,90
SINGLE,AC110CS6PHH1SY,PC6NUDK1NW,189200,128000,1,91
SINGLE,AC110CS6PHH1SY,PC6NBNK1NW,272800,188000,1,92
SINGLE,AC110CS6PHH1SY,PC6NBDK1NW,272800,188000,1,93
SINGLE,AC110CS6PHH1SY,PC6EUCK1NW,1012000,678000,1,94
SINGLE,AC110CS6PHH1SY,PC6NUCK1NW,1012000,678000,1,95
SINGLE,AC110CS6PHH1SY,PC6EUXK1NW,279400,188000,1,96
SINGLE,AC110CS6PHH1SY,PC6NUXK1NW,279400,188000,1,97
SINGLE,AC110CS6PHH1SY,AR-EH05,25300,16000,1,98
SINGLE,AC110CS6PHH1SY,AWR-WG00N,137500,91000,1,99
SINGLE,AC110CS6PHH1SY,AWR-WE13N,82500,56000,1,100
SINGLE,AC130CS6PBH1SY,PC6NUNK1NW,189200,128000,1,104
SINGLE,AC130CS6PBH1SY,PC6NUDK1NW,189200,128000,1,105
SINGLE,AC130CS6PBH1SY,PC6NBNK1NW,272800,188000,1,106
SINGLE,AC130CS6PBH1SY,PC6NBDK1NW,272800,188000,1,107
SINGLE,AC130CS6PBH1SY,PC6EUCK1NW,1012000,678000,1,108
SINGLE,AC130CS6PBH1SY,PC6NUCK1NW,1012000,678000,1,109
SINGLE,AC130CS6PBH1SY,PC6EUXK1NW,279400,188000,1,110
SINGLE,AC130CS6PBH1SY,PC6NUXK1NW,279400,188000,1,111
SINGLE,AC130CS6PBH1SY,AR-EH05,25300,16000,1,112
SINGLE,AC130CS6PBH1SY,AWR-WG00N,137500,91000,1,113
SINGLE,AC130CS6PBH1SY,AWR-WE13N,82500,56000,1,114
SINGLE,AC130CS6PHH1SY,PC6NUNK1NW,189200,128000,1,118
SINGLE,AC130CS6PHH1SY,PC6NUDK1NW,189200,128000,1,119
SINGLE,AC130CS6PHH1SY,PC6NBNK1NW,272800,188000,1,120
SINGLE,AC130CS6PHH1SY,PC6NBDK1NW,272800,188000,1,121
SINGLE,AC130CS6PHH1SY,PC6EUCK1NW,1012000,678000,1,122
SINGLE,AC130CS6PHH1SY,PC6NUCK1NW,1012000,678000,1,123
SINGLE,AC130CS6PHH1SY,PC6EUXK1NW,279400,188000,1,124
SINGLE,AC130CS6PHH1SY,PC6NUXK1NW,279400,188000,1,125
SINGLE,AC130CS6PHH1SY,AR-EH05,25300,16000,1,126
SINGLE,AC130CS6PHH1SY,AWR-WG00N,137500,91000,1,127
SINGLE,AC130CS6PHH1SY,AWR-WE13N,82500,56000,1,128
SINGLE,AC145CS6PHH1SY,PC6NUNK1NW,189200,128000,1,132
SINGLE,AC145CS6PHH1SY,PC6NUDK1NW,189200,128000,1,133
SINGLE,AC145CS6PHH1SY,PC6NBNK1NW,272800,188000,1,134
SINGLE,AC145CS6PHH1SY,PC6NBDK1NW,272800,188000,1,135
SINGLE,AC145CS6PHH1SY,PC6EUCK1NW,1012000,678000,1,136
SINGLE,AC145CS6PHH1SY,PC6NUCK1NW,1012000,678000,1,137
SINGLE,AC145CS6PHH1SY,PC6EUXK1NW,279400,188000,1,138
SINGLE,AC145CS6PHH1SY,PC6NUXK1NW,279400,188000,1,139
SINGLE,AC145CS6PHH1SY,AR-EH05,25300,16000,1,140
SINGLE,AC145CS6PHH1SY,AWR-WG00N,137500,91000,1,141
SINGLE,AC145CS6PHH1SY,AWR-WE13N,82500,56000,1,142
SINGLE,AC060CS4PBH2SY,PC4NUFK1NW,189200,128000,1,146
SINGLE,AC060CS4PBH2SY,PC4NBFK1NW,272800,188000,1,147
SINGLE,AC060CS4PBH2SY,PC4NUXK1NW,279400,188000,1,148
SINGLE,AC060CS4PBH2SY,PC4NUCK4NW,1111000,678000,1,149
SINGLE,AC060CS4PBH2SY,AR-EH05,25300,16000,1,150
SINGLE,AC060CS4PBH2SY,AWR-WG00N,137500,91000,1,151
SINGLE,AC060CS4PBH2SY,AWR-WE13N,82500,56000,1,152
SINGLE,AC072CS4PBH2SY,PC4NUFK1NW,189200,128000,1,156
SINGLE,AC072CS4PBH2SY,PC4NBFK1NW,272800,188000,1,157
SINGLE,AC072CS4PBH2SY,PC4NUXK1NW,279400,188000,1,158
SINGLE,AC072CS4PBH2SY,PC4NUCK4NW,1111000,678000,1,159
SINGLE,AC072CS4PBH2SY,AR-EH05,25300,16000,1,160
SINGLE,AC072CS4PBH2SY,AWR-WG00N,137500,91000,1,161
SINGLE,AC072CS4PBH2SY,AWR-WE13N,82500,56000,1,162
SINGLE,AC090CS4PBH2SY,PC4NUFK1NW,189200,128000,1,166
SINGLE,AC090CS4PBH2SY,PC4NBFK1NW,272800,188000,1,167
SINGLE,AC090CS4PBH2SY,PC4NUXK1NW,279400,188000,1,168
SINGLE,AC090CS4PBH2SY,PC4NUCK4NW,1111000,678000,1,169
SINGLE,AC090CS4PBH2SY,AR-EH05,25300,16000,1,170
SINGLE,AC090CS4PBH2SY,AWR-WG00N,137500,91000,1,171
SINGLE,AC090CS4PBH2SY,AWR-WE13N,82500,56000,1,172
SINGLE,AC100CS4PBH2SY,PC4NUFK1NW,189200,128000,1,176
SINGLE,AC100CS4PBH2SY,PC4NBFK1NW,272800,188000,1,177
SINGLE,AC100CS4PBH2SY,PC4NUXK1NW,279400,188000,1,178
SINGLE,AC100CS4PBH2SY,PC4NUCK4NW,1111000,678000,1,179
SINGLE,AC100CS4PBH2SY,AR-EH05,25300,16000,1,180
SINGLE,AC100CS4PBH2SY,AWR-WG00N,137500,91000,1,181
SINGLE,AC100CS4PBH2SY,AWR-WE13N,82500,56000,1,182
SINGLE,AC100CS4PHH2SY,PC4NUFK1NW,189200,128000,1,186
SINGLE,AC100CS4PHH2SY,PC4NBFK1NW,272800,188000,1,187
SINGLE,AC100CS4PHH2SY,PC4NUXK1NW,279400,188000,1,188
SINGLE,AC100CS4PHH2SY,PC4NUCK4NW,1111000,678000,1,189
SINGLE,AC100CS4PHH2SY,AR-EH05,25300,16000,1,190
SINGLE,AC100CS4PHH2SY,AWR-WG00N,137500,91000,1,191
SINGLE,AC100CS4PHH2SY,AWR-WE13N,82500,56000,1,192
SINGLE,AC110CS4PBH2SY,PC4NUFK1NW,189200,128000,1,196
SINGLE,AC110CS4PBH2SY,PC4NBFK1NW,272800,188000,1,197
SINGLE,AC110CS4PBH2SY,PC4NUXK1NW,279400,188000,1,198
SINGLE,AC110CS4PBH2SY,PC4NUCK4NW,1111000,678000,1,199
SINGLE,AC110CS4PBH2SY,AR-EH05,25300,16000,1,200
SINGLE,AC110CS4PBH2SY,AWR-WG00N,137500,91000,1,201
SINGLE,AC110CS4PBH2SY,AWR-WE13N,82500,56000,1,202
SINGLE,AC110CS4PHH2SY,PC4NUFK1NW,189200,128000,1,206
SINGLE,AC110CS4PHH2SY,PC4NBFK1NW,272800,188000,1,207
SINGLE,AC110CS4PHH2SY,PC4NUXK1NW,279400,188000,1,208
SINGLE,AC110CS4PHH2SY,PC4NUCK4NW,1111000,678000,1,209
SINGLE,AC110CS4PHH2SY,AR-EH05,25300,16000,1,210
SINGLE,AC110CS4PHH2SY,AWR-WG00N,137500,91000,1,211
SINGLE,AC110CS4PHH2SY,AWR-WE13N,82500,56000,1,212
SINGLE,AC130CS4PBH2SY,PC4NUFK1NW,189200,128000,1,216
SINGLE,AC130CS4PBH2SY,PC4NBFK1NW,272800,188000,1,217
SINGLE,AC130CS4PBH2SY,PC4NUXK1NW,279400,188000,1,218
SINGLE,AC130CS4PBH2SY,PC4NUCK4NW,1111000,678000,1,219
SINGLE,AC130CS4PBH2SY,AR-EH05,25300,16000,1,220
SINGLE,AC130CS4PBH2SY,AWR-WG00N,137500,91000,1,221
SINGLE,AC130CS4PBH2SY,AWR-WE13N,82500,56000,1,222
SINGLE,AC130CS4PHH2SY,PC4NUFK1NW,189200,128000,1,226
SINGLE,AC130CS4PHH2SY,PC4NBFK1NW,272800,188000,1,227
SINGLE,AC130CS4PHH2SY,PC4NUXK1NW,279400,188000,1,228
SINGLE,AC130CS4PHH2SY,PC4NUCK4NW,1111000,678000,1,229
SINGLE,AC130CS4PHH2SY,AR-EH05,25300,16000,1,230
SINGLE,AC130CS4PHH2SY,AWR-WG00N,137500,91000,1,231
SINGLE,AC130CS4PHH2SY,AWR-WE13N,82500,56000,1,232
SINGLE,AC145CS4PHH2SY,PC4NUFK1NW,189200,128000,1,236
SINGLE,AC145CS4PHH2SY,PC4NBFK1NW,272800,188000,1,237
SINGLE,AC145CS4PHH2SY,PC4NUXK1NW,279400,188000,1,238
SINGLE,AC145CS4PHH2SY,PC4NUCK4NW,1111000,678000,1,239
SINGLE,AC145CS4PHH2SY,AR-EH05,25300,16000,1,240
SINGLE,AC145CS4PHH2SY,AWR-WG00N,137500,91000,1,241
SINGLE,AC145CS4PHH2SY,AWR-WE13N,82500,56000,1,242
SINGLE,AC060BS4PBH7SY,PC4NUFK1NW,189200,128000,1,246
SINGLE,AC060BS4PBH7SY,PC4NBFK1NW,272800,188000,1,247
SINGLE,AC060BS4PBH7SY,PC4NUXK1NW,279400,188000,1,248
SINGLE,AC060BS4PBH7SY,PC4NUCK4NW,1111000,678000,1,249
SINGLE,AC060BS4PBH7SY,AR-EH05,25300,16000,1,250
SINGLE,AC060BS4PBH7SY,AWR-WG00N,137500,91000,1,251
SINGLE,AC060BS4PBH7SY,AWR-WE13N,82500,56000,1,252
SINGLE,AC072BS4PBH7SY,PC4NUFK1NW,189200,128000,1,256
SINGLE,AC072BS4PBH7SY,PC4NBFK1NW,272800,188000,1,257
SINGLE,AC072BS4PBH7SY,PC4NUXK1NW,279400,188000,1,258
SINGLE,AC072BS4PBH7SY,PC4NUCK4NW,1111000,678000,1,259
SINGLE,AC072BS4PBH7SY,AR-EH05,25300,16000,1,260
SINGLE,AC072BS4PBH7SY,AWR-WG00N,137500,91000,1,261
SINGLE,AC072BS4PBH7SY,AWR-WE13N,82500,56000,1,262
SINGLE,AC090BS4PBH7SY,PC4NUFK1NW,189200,128000,1,266
SINGLE,AC090BS4PBH7SY,PC4NBFK1NW,272800,188000,1,267
SINGLE,AC090BS4PBH7SY,PC4NUXK1NW,279400,188000,1,268
SINGLE,AC090BS4PBH7SY,PC4NUCK4NW,1111000,678000,1,269
SINGLE,AC090BS4PBH7SY,AR-EH05,25300,16000,1,270
SINGLE,AC090BS4PBH7SY,AWR-WG00N,137500,91000,1,271
SINGLE,AC090BS4PBH7SY,AWR-WE13N,82500,56000,1,272
SINGLE,AC100BS4PBH7SY,PC4NUFK1NW,189200,128000,1,276
SINGLE,AC100BS4PBH7SY,PC4NBFK1NW,272800,188000,1,277
SINGLE,AC100BS4PBH7SY,PC4NUXK1NW,279400,188000,1,278
SINGLE,AC100BS4PBH7SY,PC4NUCK4NW,1111000,678000,1,279
SINGLE,AC100BS4PBH7SY,AR-EH05,25300,16000,1,280
SINGLE,AC100BS4PBH7SY,AWR-WG00N,137500,91000,1,281
SINGLE,AC100BS4PBH7SY,AWR-WE13N,82500,56000,1,282
SINGLE,AC100BS4PHH7SY,PC4NUFK1NW,189200,128000,1,286
SINGLE,AC100BS4PHH7SY,PC4NBFK1NW,272800,188000,1,287
SINGLE,AC100BS4PHH7SY,PC4NUXK1NW,279400,188000,1,288
SINGLE,AC100BS4PHH7SY,PC4NUCK4NW,1111000,678000,1,289
SINGLE,AC100BS4PHH7SY,AR-EH05,25300,16000,1,290
SINGLE,AC100BS4PHH7SY,AWR-WG00N,137500,91000,1,291
SINGLE,AC100BS4PHH7SY,AWR-WE13N,82500,56000,1,292
SINGLE,AC110BS4PBH7SY,PC4NUFK1NW,189200,128000,1,296
SINGLE,AC110BS4PBH7SY,PC4NBFK1NW,272800,188000,1,297
SINGLE,AC110BS4PBH7SY,PC4NUXK1NW,279400,188000,1,298
SINGLE,AC110BS4PBH7SY,PC4NUCK4NW,1111000,678000,1,299
SINGLE,AC110BS4PBH7SY,AR-EH05,25300,16000,1,300
SINGLE,AC110BS4PBH7SY,AWR-WG00N,137500,91000,1,301
SINGLE,AC110BS4PBH7SY,AWR-WE13N,82500,56000,1,302
SINGLE,AC110BS4PHH7SY,PC4NUFK1NW,189200,128000,1,306
SINGLE,AC110BS4PHH7SY,PC4NBFK1NW,272800,188000,1,307
SINGLE,AC110BS4PHH7SY,PC4NUXK1NW,279400,188000,1,308
SINGLE,AC110BS4PHH7SY,PC4NUCK4NW,1111000,678000,1,309
SINGLE,AC110BS4PHH7SY,AR-EH05,25300,16000,1,310
SINGLE,AC110BS4PHH7SY,AWR-WG00N,137500,91000,1,311
SINGLE,AC110BS4PHH7SY,AWR-WE13N,82500,56000,1,312
SINGLE,AC130BS4PBH7SY,PC4NUFK1NW,189200,128000,1,316
SINGLE,AC130BS4PBH7SY,PC4NBFK1NW,272800,188000,1,317
SINGLE,AC130BS4PBH7SY,PC4NUXK1NW,279400,188000,1,318
SINGLE,AC130BS4PBH7SY,PC4NUCK4NW,1111000,678000,1,319
SINGLE,AC130BS4PBH7SY,AR-EH05,25300,16000,1,320
SINGLE,AC130BS4PBH7SY,AWR-WG00N,137500,91000,1,321
SINGLE,AC130BS4PBH7SY,AWR-WE13N,82500,56000,1,322
SINGLE,AC130BS4PHH7SY,PC4NUFK1NW,189200,128000,1,326
SINGLE,AC130BS4PHH7SY,PC4NBFK1NW,272800,188000,1,327
SINGLE,AC130BS4PHH7SY,PC4NUXK1NW,279400,188000,1,328
SINGLE,AC130BS4PHH7SY,PC4NUCK4NW,1111000,678000,1,329
SINGLE,AC130BS4PHH7SY,AR-EH05,25300,16000,1,330
SINGLE,AC130BS4PHH7SY,AWR-WG00N,137500,91000,1,331
SINGLE,AC130BS4PHH7SY,AWR-WE13N,82500,56000,1,332
SINGLE,AC145BS4PHH7SY,PC4NUFK1NW,189200,128000,1,336
SINGLE,AC145BS4PHH7SY,PC4NBFK1NW,272800,188000,1,337
SINGLE,AC145BS4PHH7SY,PC4NUXK1NW,279400,188000,1,338
SINGLE,AC145BS4PHH7SY,PC4NUCK4NW,1111000,678000,1,339
SINGLE,AC145BS4PHH7SY,AR-EH05,25300,16000,1,340
SINGLE,AC145BS4PHH7SY,AWR-WG00N,137500,91000,1,341
SINGLE,AC145BS4PHH7SY,AWR-WE13N,82500,56000,1,342
SINGLE,AC160CS4DHH1SY,PC4NUFK1NW,189200,128000,1,346
SINGLE,AC160CS4DHH1SY,PC4NBFK1NW,272800,188000,1,347
SINGLE,AC160CS4DHH1SY,PC4NUXK1NW,279400,188000,1,348
SINGLE,AC160CS4DHH1SY,PC4NUCK4NW,1111000,678000,1,349
SINGLE,AC160CS4DHH1SY,AR-EH05,25300,16000,1,350
SINGLE,AC160CS4DHH1SY,AWR-WG00N,137500,91000,1,351
SINGLE,AC160CS4DHH1SY,AWR-WE13N,82500,56000,1,352
SINGLE,AC060CS4FBH2SY,PC4NUFK1NW,189200,128000,1,356
SINGLE,AC060CS4FBH2SY,PC4NBFK1NW,272800,188000,1,357
SINGLE,AC060CS4FBH2SY,PC4NUXK1NW,279400,188000,1,358
SINGLE,AC060CS4FBH2SY,PC4NUCK4NW,1111000,678000,1,359
SINGLE,AC060CS4FBH2SY,AR-EH05,25300,16000,1,360
SINGLE,AC060CS4FBH2SY,AWR-WG00N,137500,91000,1,361
SINGLE,AC060CS4FBH2SY,AWR-WE13N,82500,56000,1,362
SINGLE,AC072CS4FBH2SY,PC4NUFK1NW,189200,128000,1,366
SINGLE,AC072CS4FBH2SY,PC4NBFK1NW,272800,188000,1,367
SINGLE,AC072CS4FBH2SY,PC4NUXK1NW,279400,188000,1,368
SINGLE,AC072CS4FBH2SY,PC4NUCK4NW,1111000,678000,1,369
SINGLE,AC072CS4FBH2SY,AR-EH05,25300,16000,1,370
SINGLE,AC072CS4FBH2SY,AWR-WG00N,137500,91000,1,371
SINGLE,AC072CS4FBH2SY,AWR-WE13N,82500,56000,1,372
SINGLE,AC090CS4FBH2SY,PC4NUFK1NW,189200,128000,1,376
SINGLE,AC090CS4FBH2SY,PC4NBFK1NW,272800,188000,1,377
SINGLE,AC090CS4FBH2SY,PC4NUXK1NW,279400,188000,1,378
SINGLE,AC090CS4FBH2SY,PC4NUCK4NW,1111000,678000,1,379
SINGLE,AC090CS4FBH2SY,AR-EH05,25300,16000,1,380
SINGLE,AC090CS4FBH2SY,AWR-WG00N,137500,91000,1,381
SINGLE,AC090CS4FBH2SY,AWR-WE13N,82500,56000,1,382
SINGLE,AC100CS4FBH2SY,PC4NUFK1NW,189200,128000,1,386
SINGLE,AC100CS4FBH2SY,PC4NBFK1NW,272800,188000,1,387
SINGLE,AC100CS4FBH2SY,PC4NUXK1NW,279400,188000,1,388
SINGLE,AC100CS4FBH2SY,PC4NUCK4NW,1111000,678000,1,389
SINGLE,AC100CS4FBH2SY,AR-EH05,25300,16000,1,390
SINGLE,AC100CS4FBH2SY,AWR-WG00N,137500,91000,1,391
SINGLE,AC100CS4FBH2SY,AWR-WE13N,82500,56000,1,392
SINGLE,AC100CS4FHH2SY,PC4NUFK1NW,189200,128000,1,396
SINGLE,AC100CS4FHH2SY,PC4NBFK1NW,272800,188000,1,397
SINGLE,AC100CS4FHH2SY,PC4NUXK1NW,279400,188000,1,398
SINGLE,AC100CS4FHH2SY,PC4NUCK4NW,1111000,678000,1,399
SINGLE,AC100CS4FHH2SY,AR-EH05,25300,16000,1,400
SINGLE,AC100CS4FHH2SY,AWR-WG00N,137500,91000,1,401
SINGLE,AC100CS4FHH2SY,AWR-WE13N,82500,56000,1,402
SINGLE,AC110CS4FBH2SY,PC4NUFK1NW,189200,128000,1,406
SINGLE,AC110CS4FBH2SY,PC4NBFK1NW,272800,188000,1,407
SINGLE,AC110CS4FBH2SY,PC4NUXK1NW,279400,188000,1,408
SINGLE,AC110CS4FBH2SY,PC4NUCK4NW,1111000,678000,1,409
SINGLE,AC110CS4FBH2SY,AR-EH05,25300,16000,1,410
SINGLE,AC110CS4FBH2SY,AWR-WG00N,137500,91000,1,411
SINGLE,AC110CS4FBH2SY,AWR-WE13N,82500,56000,1,412
SINGLE,AC110CS4FHH2SY,PC4NUFK1NW,189200,128000,1,416
SINGLE,AC110CS4FHH2SY,PC4NBFK1NW,272800,188000,1,417
SINGLE,AC110CS4FHH2SY,PC4NUXK1NW,279400,188000,1,418
SINGLE,AC110CS4FHH2SY,PC4NUCK4NW,1111000,678000,1,419
SINGLE,AC110CS4FHH2SY,AR-EH05,25300,16000,1,420
SINGLE,AC110CS4FHH2SY,AWR-WG00N,137500,91000,1,421
SINGLE,AC110CS4FHH2SY,AWR-WE13N,82500,56000,1,422
SINGLE,AC130CS4FBH2SY,PC4NUFK1NW,189200,128000,1,426
SINGLE,AC130CS4FBH2SY,PC4NBFK1NW,272800,188000,1,427
SINGLE,AC130CS4FBH2SY,PC4NUXK1NW,279400,188000,1,428
SINGLE,AC130CS4FBH2SY,PC4NUCK4NW,1111000,678000,1,429
SINGLE,AC130CS4FBH2SY,AR-EH05,25300,16000,1,430
SINGLE,AC130CS4FBH2SY,AWR-WG00N,137500,91000,1,431
SINGLE,AC130CS4FBH2SY,AWR-WE13N,82500,56000,1,432
SINGLE,AC130CS4FHH2SY,PC4NUFK1NW,189200,128000,1,436
SINGLE,AC130CS4FHH2SY,PC4NBFK1NW,272800,188000,1,437
SINGLE,AC130CS4FHH2SY,PC4NUXK1NW,279400,188000,1,438
SINGLE,AC130CS4FHH2SY,PC4NUCK4NW,1111000,678000,1,439
SINGLE,AC130CS4FHH2SY,AR-EH05,25300,16000,1,440
SINGLE,AC130CS4FHH2SY,AWR-WG00N,137500,91000,1,441
SINGLE,AC130CS4FHH2SY,AWR-WE13N,82500,56000,1,442
SINGLE,AC145CS4FHH2SY,PC4NUFK1NW,189200,128000,1,446
SINGLE,AC145CS4FHH2SY,PC4NBFK1NW,272800,188000,1,447
SINGLE,AC145CS4FHH2SY,PC4NUXK1NW,279400,188000,1,448
SINGLE,AC145CS4FHH2SY,PC4NUCK4NW,1111000,678000,1,449
SINGLE,AC145CS4FHH2SY,AR-EH05,25300,16000,1,450
SINGLE,AC145CS4FHH2SY,AWR-WG00N,137500,91000,1,451
SINGLE,AC145CS4FHH2SY,AWR-WE13N,82500,56000,1,452
SINGLE,AC060CS4DBC1SY,PC4NUFK1NW,189200,128000,1,456
SINGLE,AC060CS4DBC1SY,PC4NBFK1NW,272800,188000,1,457
SINGLE,AC060CS4DBC1SY,PC4NUXK1NW,279400,188000,1,458
SINGLE,AC060CS4DBC1SY,PC4NUCK4NW,1111000,678000,1,459
SINGLE,AC060CS4DBC1SY,AR-EC05,25300,16000,1,460
SINGLE,AC060CS4DBC1SY,AWR-WG00N,137500,91000,1,461
SINGLE,AC060CS4DBC1SY,AWR-WE13N,82500,56000,1,462
SINGLE,AC072CS4DBC1SY,PC4NUFK1NW,189200,128000,1,466
SINGLE,AC072CS4DBC1SY,PC4NBFK1NW,272800,188000,1,467
SINGLE,AC072CS4DBC1SY,PC4NUXK1NW,279400,188000,1,468
SINGLE,AC072CS4DBC1SY,PC4NUCK4NW,1111000,678000,1,469
SINGLE,AC072CS4DBC1SY,AR-EC05,25300,16000,1,470
SINGLE,AC072CS4DBC1SY,AWR-WG00N,137500,91000,1,471
SINGLE,AC072CS4DBC1SY,AWR-WE13N,82500,56000,1,472
SINGLE,AC083CS4DBC1SY,PC4NUFK1NW,189200,128000,1,476
SINGLE,AC083CS4DBC1SY,PC4NBFK1NW,272800,188000,1,477
SINGLE,AC083CS4DBC1SY,PC4NUXK1NW,279400,188000,1,478
SINGLE,AC083CS4DBC1SY,PC4NUCK4NW,1111000,678000,1,479
SINGLE,AC083CS4DBC1SY,AR-EC05,25300,16000,1,480
SINGLE,AC083CS4DBC1SY,AWR-WG00N,137500,91000,1,481
SINGLE,AC083CS4DBC1SY,AWR-WE13N,82500,56000,1,482
SINGLE,AC100CS4DBC1SY,PC4NUFK1NW,189200,128000,1,486
SINGLE,AC100CS4DBC1SY,PC4NBFK1NW,272800,188000,1,487
SINGLE,AC100CS4DBC1SY,PC4NUXK1NW,279400,188000,1,488
SINGLE,AC100CS4DBC1SY,PC4NUCK4NW,1111000,678000,1,489
SINGLE,AC100CS4DBC1SY,AR-EC05,25300,16000,1,490
SINGLE,AC100CS4DBC1SY,AWR-WG00N,137500,91000,1,491
SINGLE,AC100CS4DBC1SY,AWR-WE13N,82500,56000,1,492
SINGLE,AC110CS4DBC1SY,PC4NUFK1NW,189200,128000,1,496
SINGLE,AC110CS4DBC1SY,PC4NBFK1NW,272800,188000,1,497
SINGLE,AC110CS4DBC1SY,PC4NUXK1NW,279400,188000,1,498
SINGLE,AC110CS4DBC1SY,PC4NUCK4NW,1111000,678000,1,499
SINGLE,AC110CS4DBC1SY,AR-EC05,25300,16000,1,500
SINGLE,AC110CS4DBC1SY,AWR-WG00N,137500,91000,1,501
SINGLE,AC110CS4DBC1SY,AWR-WE13N,82500,56000,1,502
SINGLE,AC145CS4DBC1SY,PC4NUFK1NW,189200,128000,1,506
SINGLE,AC145CS4DBC1SY,PC4NBFK1NW,272800,188000,1,507
SINGLE,AC145CS4DBC1SY,PC4NUXK1NW,279400,188000,1,508
SINGLE,AC145CS4DBC1SY,PC4NUCK4NW,1111000,678000,1,509
SINGLE,AC145CS4DBC1SY,AR-EC05,25300,16000,1,510
SINGLE,AC145CS4DBC1SY,AWR-WG00N,137500,91000,1,511
SINGLE,AC145CS4DBC1SY,AWR-WE13N,82500,56000,1,512
SINGLE,AC023CS1PBH1SY,PC1NWSK3NW,154000,128000,1,516
SINGLE,AC023CS1PBH1SY,PC1NWCK3NW,431200,343000,1,517
SINGLE,AC023CS1PBH1SY,AR-EH05,25300,16000,1,518
SINGLE,AC023CS1PBH1SY,AWR-WG00N,137500,91000,1,519
SINGLE,AC023CS1PBH1SY,AWR-WE13N,82500,56000,1,520
SINGLE,AC032CS1PBH1SY,PC1NWSK3NW,154000,128000,1,524
SINGLE,AC032CS1PBH1SY,PC1NWCK3NW,431200,343000,1,525
SINGLE,AC032CS1PBH1SY,AR-EH05,25300,16000,1,526
SINGLE,AC032CS1PBH1SY,AWR-WG00N,137500,91000,1,527
SINGLE,AC032CS1PBH1SY,AWR-WE13N,82500,56000,1,528
SINGLE,AC040CS1PBH1SY,PC1NWSK3NW,154000,128000,1,532
SINGLE,AC040CS1PBH1SY,PC1NWCK3NW,431200,343000,1,533
SINGLE,AC040CS1PBH1SY,AR-EH05,25300,16000,1,534
SINGLE,AC040CS1PBH1SY,AWR-WG00N,137500,91000,1,535
SINGLE,AC040CS1PBH1SY,AWR-WE13N,82500,56000,1,536
SINGLE,AC052CS1PBH1SY,PC1BWSK3NW,215600,128000,1,540
SINGLE,AC052CS1PBH1SY,PC1BWCK3NW,520300,388000,1,541
SINGLE,AC052CS1PBH1SY,AR-EH05,25300,16000,1,542
SINGLE,AC052CS1PBH1SY,AWR-WG00N,137500,91000,1,543
SINGLE,AC052CS1PBH1SY,AWR-WE13N,82500,56000,1,544
SINGLE,AC060CS1PBH1SY,PC1BWSK3NW,215600,128000,1,548
SINGLE,AC060CS1PBH1SY,PC1BWCK3NW,520300,388000,1,549
SINGLE,AC060CS1PBH1SY,AR-EH05,25300,16000,1,550
SINGLE,AC060CS1PBH1SY,AWR-WG00N,137500,91000,1,551
SINGLE,AC060CS1PBH1SY,AWR-WE13N,82500,56000,1,552
SINGLE,AC023CS1DBC1SY,PC1NWSK3NW,154000,128000,1,556
SINGLE,AC023CS1DBC1SY,PC1NWCK3NW,431200,343000,1,557
SINGLE,AC023CS1DBC1SY,AR-EC05,25300,16000,1,558
SINGLE,AC023CS1DBC1SY,AWR-WG00N,137500,91000,1,559
SINGLE,AC023CS1DBC1SY,AWR-WE13N,82500,56000,1,560
SINGLE,AC032CS1DBC1SY,PC1NWSK3NW,154000,128000,1,564
SINGLE,AC032CS1DBC1SY,PC1NWCK3NW,431200,343000,1,565
SINGLE,AC032CS1DBC1SY,AR-EC05,25300,16000,1,566
SINGLE,AC032CS1DBC1SY,AWR-WG00N,137500,91000,1,567
SINGLE,AC032CS1DBC1SY,AWR-WE13N,82500,56000,1,568
SINGLE,AC040CS1DBC1SY,PC1NWSK3NW,154000,128000,1,572
SINGLE,AC040CS1DBC1SY,PC1NWCK3NW,431200,343000,1,573
SINGLE,AC040CS1DBC1SY,AR-EC05,25300,16000,1,574
SINGLE,AC040CS1DBC1SY,AWR-WG00N,137500,91000,1,575
SINGLE,AC040CS1DBC1SY,AWR-WE13N,82500,56000,1,576
SINGLE,AC052CS1DBC1SY,PC1BWSK3NW,215600,128000,1,580
SINGLE,AC052CS1DBC1SY,PC1BWCK3NW,520300,388000,1,581
SINGLE,AC052CS1DBC1SY,AR-EC05,25300,16000,1,582
SINGLE,AC052CS1DBC1SY,AWR-WG00N,137500,91000,1,583
SINGLE,AC052CS1DBC1SY,AWR-WE13N,82500,56000,1,584
SINGLE,AC060CS1DBC1SY,PC1BWSK3NW,215600,128000,1,588
SINGLE,AC060CS1DBC1SY,PC1BWCK3NW,520300,388000,1,589
SINGLE,AC060CS1DBC1SY,AR-EC05,25300,16000,1,590
SINGLE,AC060CS1DBC1SY,AWR-WG00N,137500,91000,1,591
SINGLE,AC060CS1DBC1SY,AWR-WE13N,82500,56000,1,592
SINGLE,AC072CS1DBC1SY,PC1BWSK3NW,215600,128000,1,596
SINGLE,AC072CS1DBC1SY,PC1BWCK3NW,520300,388000,1,597
SINGLE,AC072CS1DBC1SY,AR-EC05,25300,16000,1,598
SINGLE,AC072CS1DBC1SY,AWR-WG00N,137500,91000,1,599
SINGLE,AC072CS1DBC1SY,AWR-WE13N,82500,56000,1,600
SINGLE,AC110CAMDBH1SY,AWR-WG00N,137500,91000,1,604
SINGLE,AC110CAMDBH1SY,AWR-WE13N,82500,56000,1,605
SINGLE,AC110CAMDHH1SY,AWR-WG00N,137500,91000,1,609
SINGLE,AC110CAMDHH1SY,AWR-WE13N,82500,56000,1,610
SINGLE,AC145CAMDHH1SY,AWR-WG00N,137500,91000,1,614
SINGLE,AC145CAMDHH1SY,AWR-WE13N,82500,56000,1,615
SINGLE,AC072BSCPBH2SY,AR-EH05,25300,16000,1,619
SINGLE,AC072BSCPBH2SY,AWR-WG00N,137500,91000,1,620
SINGLE,AC072BSCPBH2SY,AWR-WE13N,82500,56000,1,621
SINGLE,AC090BSCPBH2SY,AR-EH05,25300,16000,1,625
SINGLE,AC090BSCPBH2SY,AWR-WG00N,137500,91000,1,626
SINGLE,AC090BSCPBH2SY,AWR-WE13N,82500,56000,1,627
SINGLE,AC130BSCPHH2SY,AR-EH05,25300,16000,1,631
SINGLE,AC130BSCPHH2SY,AWR-WG00N,137500,91000,1,632
SINGLE,AC130BSCPHH2SY,AWR-WE13N,82500,56000,1,633
SINGLE,AC145BSCPHH2SY,AR-EH05,25300,16000,1,637
SINGLE,AC145BSCPHH2SY,AWR-WG00N,137500,91000,1,638
SINGLE,AC145BSCPHH2SY,AWR-WE13N,82500,56000,1,639
SINGLE,실링 드레인펌프,ADP-F075SP,79200,79200,1,650
SINGLE,유선리모컨 키트,AIM-A01N,20000,20000,1,651
SINGLE,AP052CAPPBH1S,FPH-1412XS3,169000,130000,1,655
SINGLE,AP060CAPPBH1S,FPH-1412XS3,169000,130000,1,659
SINGLE,AP072CAPPBH1S,FPH-1458XS1,139000,130000,1,663
SINGLE,AP083CAPPBH1S,FPH-3858XS5,227000,180000,1,667
SINGLE,AP110CAPPBH1S,FPH-3858XS5,227000,180000,1,671
SINGLE,AP110CAPPHH1S,FPH-3858XS5,227000,180000,1,675
SINGLE,AP130CAPPBH1S,FPH-3858XS5,227000,180000,1,679
SINGLE,AP130CAPPHH1S,FPH-3858XS5,227000,180000,1,683
SINGLE,AP145CAPPHH1S,FPH-3858XS5,227000,180000,1,687
SINGLE,AP052BAPPBH2S,FPH-1412XS3,169000,130000,1,691
SINGLE,AP060BAPPBH2S,FPH-1412XS3,169000,130000,1,695
SINGLE,AP072BAPDBH2S,FPH-1458XS1,139000,130000,1,699
SINGLE,AP072BAPPBH2S,FPH-1458XS1,139000,130000,1,703
SINGLE,AP083BAPPBH2S,FPH-3858XS5,227000,180000,1,707
SINGLE,AP110BAPPBH2S,FPH-3858XS5,227000,180000,1,711
SINGLE,AP110BAPPHH2S,FPH-3858XS5,227000,180000,1,715
SINGLE,AP130BAPDBH2S,FPH-3858XS5,227000,180000,1,719
SINGLE,AP130BAPPBH2S,FPH-3858XS5,227000,180000,1,723
SINGLE,AP130BAPPHH2S,FPH-3858XS5,227000,180000,1,727
SINGLE,AP145BAPPHH2S,FPH-3858XS5,227000,180000,1,731
SINGLE,AP145BAPDHH2S,FPH-3858XS5,227000,180000,1,735
SINGLE,AP230DAPDHH1S,FPH-3878XS,402001,360000,1,739
SINGLE,AP290DAPDHH1S,FPH-3878XS,402001,360000,1,743
SINGLE,AP083CSPDBC1S,FPC-3858XS2,227000,180000,1,747
SINGLE,AP110CSPDBC1S,FPC-3858XS2,227000,180000,1,751
SINGLE,AP145CSPDHC1S,FPC-3858XS2,227000,180000,1,755
SINGLE,AP083BSPPBH6SY,FPH-3858XS5,227000,180000,1,759
SINGLE,AP110BSPPBH6SY,FPH-3858XS5,227000,180000,1,763
SINGLE,AP110BSPPHH6SY,FPH-3858XS5,227000,180000,1,767
SINGLE,AP145BSPPHH6SY,FPH-3858XS5,227000,180000,1,771
SINGLE,AP083BSPPBH7SY,FPH-3858XS5,227000,180000,1,775
SINGLE,AP110BSPPBH7SY,FPH-3858XS5,227000,180000,1,779
SINGLE,AP110BSPPHH7SY,FPH-3858XS5,227000,180000,1,783
SINGLE,AP145BSPPHH7SY,FPH-3858XS5,227000,180000,1,787
SINGLE,AP083BSPPBH8SY,FPH-3858XS5,227000,180000,1,791
SINGLE,AP110BSPPBH8SY,FPH-3858XS5,227000,180000,1,795
SINGLE,AP110BSPPHH8SY,FPH-3858XS5,227000,180000,1,799
SINGLE,AP145BSPPHH8SY,FPH-3858XS5,227000,180000,1,803
SINGLE,AP052CSPFBH2SPP,FPH-3858XS5,227000,180000,1,807
SINGLE,AP060CSPFBH2SPP,FPH-3858XS5,227000,180000,1,811
SINGLE,AP072CSPFBH2SPP,FPH-3858XS5,227000,180000,1,815
SINGLE,AP083CSPFBH2SPP,FPH-3858XS5,227000,180000,1,819
SINGLE,AR07C9181HZS,FRH-1412NA3,77000,60000,1,823
SINGLE,AR07C9180HZS,FRH-1438NH3,55000,50000,1,827
SINGLE,AR07D9181HZS,FRH-1438NH3,55000,50000,1,831
SINGLE,AR09C9180HZS,FRH-1438NH3,55000,50000,1,835
SINGLE,AR11C9180HZS,FRH-1412XA3,77000,60000,1,839
SINGLE,AR13C9180HZS,FRH-1412XA3,77000,60000,1,843
SINGLE,AR16C9180HZS,FRH-1412XA3,77000,60000,1,847
SINGLE,AR10B5150HZS,FRC-1438NB2,55000,50000,1,851
SINGLE,AR07D9150HZS,FRC-1438NA2,55000,50000,1,855
SINGLE,AR07D9151HZS,FRC-1438NA2,55000,50000,1,859
SINGLE,AR09D9150HZS,FRC-1438NA2,55000,50000,1,863
SINGLE,AR11D9150HZS,FRC-1412NA2,77000,60000,1,867
SINGLE,AR13D9150HZS,FRC-1412NA2,77000,60000,1,871
SINGLE,AR15D9150HZS,FRC-1458XA2,77000,60000,1,875
SINGLE,AR60F07C11WS,ARR-WK8F,48000,34000,1,879
SINGLE,AR60F07C11WS,FRH-1412NA3,77000,60000,1,880
SINGLE,AR60F07C12WS,ARR-WK8F,48000,34000,1,884
SINGLE,AR60F07C12WS,FRH-1438NH3,55000,50000,1,885
SINGLE,AR60F07C14WS,ARR-WK8F,48000,34000,1,889
SINGLE,AR60F07C14WS,FRH-1438NH3,55000,50000,1,890
SINGLE,AR60F09C13WS,ARR-WK8F,48000,34000,1,894
SINGLE,AR60F09C13WS,FRH-1412NA3,55000,60000,1,895
SINGLE,AR60F11C13WS,ARR-WK8F,48000,34000,1,899
SINGLE,AR60F11C13WS,FRH-1412NA3,77000,60000,1,900
SINGLE,AR60F13C13WS,ARR-WK8F,48000,34000,1,904
SINGLE,AR60F13C13WS,FRH-1412XA3,77000,60000,1,905
SINGLE,AR60F16C14WS,ARR-WK8F,48000,34000,1,909
SINGLE,AR60F16C14WS,FRH-1412XA3,77000,60000,1,910
SINGLE,AR06D1150HZS,FRC-1438NB2,55000,50000,1,914
SINGLE,AR50F10D13HS,ARR-NK3F,36000,34000,1,918
SINGLE,AR50F10D13HS,FRC-1438NA2,55000,50000,1,919
SINGLE,AR80F07D21WS,ARR-PK8F,48000,34000,1,923
SINGLE,AR80F07D21WS,FRC-1438NA2,55000,50000,1,924
SINGLE,AR60F07D11WS,ARR-WK8F,48000,34000,1,928
SINGLE,AR60F07D11WS,FRC-1438NA2,55000,50000,1,929
SINGLE,AR60F07D12WS,ARR-WK8F,48000,34000,1,933
SINGLE,AR60F07D12WS,FRC-1438NA2,55000,50000,1,934
SINGLE,AR60F09D11WS,ARR-WK8F,48000,34000,1,938
SINGLE,AR60F09D11WS,FRC-1438NA2,55000,50000,1,939
SINGLE,AR60F11D11WS,ARR-WK8F,48000,34000,1,943
SINGLE,AR60F11D11WS,FRC-1412NA2,77000,60000,1,944
SINGLE,AR60F13D12WS,ARR-WK8F,48000,34000,1,948
SINGLE,AR60F13D12WS,FRC-1412NA2,77000,60000,1,949
SINGLE,AR60F15D12WS,ARR-WK8F,48000,34000,1,953
SINGLE,AR60F15D12WS,FRC-1458XA2,77000,60000,1,954
SINGLE,AF19DX838WSRS,AR06D9151HNQ,350000,250000,1,958
SINGLE,AF19DX838WSRS,AFR-TC9D,67000,45000,1,959
SINGLE,AF19DX838WSRS,FPC-1458YAF2,143000,100000,1,960
SINGLE,AF19DX838WSRS,FRC-1438XAF2,77000,50000,1,961
SINGLE,AF19DX838WSS,AFR-TC9D,67000,45000,1,965
SINGLE,AF19DX838WSS,FPC-1458YAF2,143000,100000,1,966
SINGLE,AF19DX838VSRS,AR06D9151HNQ,350000,250000,1,970
SINGLE,AF19DX838VSRS,AFR-TC9D,67000,45000,1,971
SINGLE,AF19DX838VSRS,FPC-1458YAF2,143000,100000,1,972
SINGLE,AF19DX838VSRS,FRC-1438XAF2,77000,50000,1,973
SINGLE,AF19DX838VSS,AFR-TC9D,67000,45000,1,977
SINGLE,AF19DX838VSS,FPC-1458YAF2,143000,100000,1,978
SINGLE,AF17DX738WSRS,AR06D9151HNQ,350000,250000,1,982
SINGLE,AF17DX738WSRS,AFR-TC9D,67000,45000,1,983
SINGLE,AF17DX738WSRS,FPC-1412YAF2,143000,100000,1,984
SINGLE,AF17DX738WSRS,FRC-1438XAF2,77000,50000,1,985
SINGLE,AF17DX738WSS,AFR-TC9D,67000,45000,1,989
SINGLE,AF17DX738WSS,FPC-1412YAF2,143000,100000,1,990
SINGLE,AF17B6474WZS,FPC-1412YAF2,143000,100000,1,994
SINGLE,AF17B6474WZRS,AR06A9170HNQ,250000,180000,1,998
SINGLE,AF17B6474WZRS,FPC-1412YAF2,143000,100000,1,999
SINGLE,AF17B6474WZRS,FRC-1438XAF2,77000,50000,1,1000
SINGLE,AF19B6474WZS,FPC-1458YAF2,143000,100000,1,1004
SINGLE,AF19B6474WZRS,AR06A9170HNQ,250000,180000,1,1008
SINGLE,AF19B6474WZRS,FPC-1458YAF2,143000,100000,1,1009
SINGLE,AF19B6474WZRS,FRC-1438XAF2,77000,50000,1,1010
SINGLE,AF17B6474TZS,FPC-1412YAF2,143000,100000,1,1014
SINGLE,AF17B6474TZRS,AR06A9170HNQ,250000,180000,1,1018
SINGLE,AF17B6474TZRS,FPC-1412YAF2,143000,100000,1,1019
SINGLE,AF17B6474TZRS,FRC-1438XAF2,77000,50000,1,1020
SINGLE,AF19B6474TZS,FPC-1458YAF2,143000,100000,1,1024
SINGLE,AF19B6474TZRS,AR06A9170HNQ,250000,180000,1,1028
SINGLE,AF19B6474TZRS,FPC-1458YAF2,143000,100000,1,1029
SINGLE,AF19B6474TZRS,FRC-1438XAF2,77000,50000,1,1030
SINGLE,AF17B6474GZS,FPC-1412YAF2,143000,100000,1,1034
SINGLE,AF17B6474GZRS,AR06A9170HNQ,250000,180000,1,1038
SINGLE,AF17B6474GZRS,FPC-1412YAF2,143000,100000,1,1039
SINGLE,AF17B6474GZRS,FRC-1438XAF2,77000,50000,1,1040
SINGLE,AF19B6474GZS,FPC-1458YAF2,143000,100000,1,1044
SINGLE,AF19B6474GZRS,AR06A9170HNQ,250000,180000,1,1048
SINGLE,AF19B6474GZRS,FPC-1458YAF2,143000,100000,1,1049
SINGLE,AF19B6474GZRS,FRC-1438XAF2,77000,50000,1,1050
SINGLE,AF17B7538WZS,FPC-1412YAF2,143000,100000,1,1054
SINGLE,AF17B7538WZRS,AR06B9150HNQ,270001,180000,1,1058
SINGLE,AF17B7538WZRS,FPC-1412YAF2,143000,100000,1,1059
SINGLE,AF17B7538WZRS,FRC-1438XAF2,77000,50000,1,1060
SINGLE,AF19B7534WZS,FPC-1458YAF2,143000,100000,1,1064
SINGLE,AF19B7534WZRS,AR06B9150HNQ,270001,180000,1,1068
SINGLE,AF19B7534WZRS,FPC-1458YAF2,143000,100000,1,1069
SINGLE,AF19B7534WZRS,FRC-1438XAF2,77000,50000,1,1070
SINGLE,AF17B7538TZS,FPC-1412YAF2,143000,100000,1,1074
SINGLE,AF17B7538TZRS,AR06B9150HNQ,270001,180000,1,1078
SINGLE,AF17B7538TZRS,FPC-1412YAF2,143000,100000,1,1079
SINGLE,AF17B7538TZRS,FRC-1438XAF2,77000,50000,1,1080
SINGLE,AF19B7534TZS,FPC-1458YAF2,143000,100000,1,1084
SINGLE,AF19B7534TZRS,AR06B9150HNQ,270001,180000,1,1088
SINGLE,AF19B7534TZRS,FPC-1458YAF2,143000,100000,1,1089
SINGLE,AF19B7534TZRS,FRC-1438XAF2,77000,50000,1,1090
SINGLE,AF17B7538GZS,FPC-1412YAF2,143000,100000,1,1094
SINGLE,AF17B7538GZRS,AR06B9150HNQ,270001,180000,1,1098
SINGLE,AF17B7538GZRS,FPC-1412YAF2,143000,100000,1,1099
SINGLE,AF17B7538GZRS,FRC-1438XAF2,77000,50000,1,1100
SINGLE,AF19B7534GZS,FPC-1458YAF2,143000,100000,1,1104
SINGLE,AF19B7534GZRS,AR06B9150HNQ,270001,180000,1,1108
SINGLE,AF19B7534GZRS,FPC-1458YAF2,143000,100000,1,1109
SINGLE,AF19B7534GZRS,FRC-1438XAF2,77000,50000,1,1110
SINGLE,AF60F17D11WS,AFR-QC3F,48000,34000,1,1114
SINGLE,AF60F17D11WS,FPC-1412YAF2,143000,100000,1,1115
SINGLE,AF60F17D11WRS,AR60F06D1A0Q,252000,200000,1,1119
SINGLE,AF60F17D11WRS,AFR-QC3F,48000,34000,1,1120
SINGLE,AF60F17D11WRS,ARR-WK8F,48000,34000,1,1121
SINGLE,AF60F17D11WRS,FPC-1412YAF2,143000,100000,1,1122
SINGLE,AF60F17D11WRS,FRC-1438XAF2,77000,50000,1,1123
SINGLE,AF60F17D11GS,AFR-QC3F,48000,34000,1,1127
SINGLE,AF60F17D11GS,FPC-1412YAF2,143000,100000,1,1128
SINGLE,AF60F17D11GRS,AR60F06D1A0Q,252000,200000,1,1132
SINGLE,AF60F17D11GRS,AFR-QC3F,48000,34000,1,1133
SINGLE,AF60F17D11GRS,ARR-WK8F,48000,34000,1,1134
SINGLE,AF60F17D11GRS,FPC-1412YAF2,143000,100000,1,1135
SINGLE,AF60F17D11GRS,FRC-1438XAF2,77000,50000,1,1136
SINGLE,AF60F17D11BS,AFR-QC3F,48000,34000,1,1140
SINGLE,AF60F17D11BS,FPC-1412YAF2,143000,100000,1,1141
SINGLE,AF60F17D11BRS,AR60F06D1A0Q,252000,200000,1,1145
SINGLE,AF60F17D11BRS,AFR-QC3F,48000,34000,1,1146
SINGLE,AF60F17D11BRS,ARR-WK8F,48000,34000,1,1147
SINGLE,AF60F17D11BRS,FPC-1412YAF2,143000,100000,1,1148
SINGLE,AF60F17D11BRS,FRC-1438XAF2,77000,50000,1,1149
SINGLE,AF60F17D11LS,AFR-QC3F,48000,34000,1,1153
SINGLE,AF60F17D11LS,FPC-1412YAF2,143000,100000,1,1154
SINGLE,AF60F17D11LRS,AR60F06D1A0Q,252000,200000,1,1158
SINGLE,AF60F17D11LRS,AFR-QC3F,48000,34000,1,1159
SINGLE,AF60F17D11LRS,ARR-WK8F,48000,34000,1,1160
SINGLE,AF60F17D11LRS,FPC-1412YAF2,143000,100000,1,1161
SINGLE,AF60F17D11LRS,FRC-1438XAF2,77000,50000,1,1162
SINGLE,AF60F19D11WS,AFR-QC3F,48000,34000,1,1166
SINGLE,AF60F19D11WS,FPC-1458YAF2,143000,100000,1,1167
SINGLE,AF60F19D11WRS,AR60F06D1A0Q,252000,200000,1,1171
SINGLE,AF60F19D11WRS,AFR-QC3F,48000,34000,1,1172
SINGLE,AF60F19D11WRS,ARR-WK8F,48000,34000,1,1173
SINGLE,AF60F19D11WRS,FPC-1458YAF2,143000,100000,1,1174
SINGLE,AF60F19D11WRS,FRC-1438XAF2,77000,50000,1,1175
SINGLE,AF60F19D11GS,AFR-QC3F,48000,34000,1,1179
SINGLE,AF60F19D11GS,FPC-1458YAF2,143000,100000,1,1180
SINGLE,AF60F19D11GRS,AR60F06D1A0Q,252000,200000,1,1184
SINGLE,AF60F19D11GRS,AFR-QC3F,48000,34000,1,1185
SINGLE,AF60F19D11GRS,ARR-WK8F,48000,34000,1,1186
SINGLE,AF60F19D11GRS,FPC-1458YAF2,143000,100000,1,1187
SINGLE,AF60F19D11GRS,FRC-1438XAF2,77000,50000,1,1188
SINGLE,AF60F19D11BS,AFR-QC3F,48000,34000,1,1192
SINGLE,AF60F19D11BS,FPC-1458YAF2,143000,100000,1,1193
SINGLE,AF60F19D11BRS,AR60F06D1A0Q,252000,200000,1,1197
SINGLE,AF60F19D11BRS,AFR-QC3F,48000,34000,1,1198
SINGLE,AF60F19D11BRS,ARR-WK8F,48000,34000,1,1199
SINGLE,AF60F19D11BRS,FPC-1458YAF2,143000,100000,1,1200
SINGLE,AF60F19D11BRS,FRC-1438XAF2,77000,50000,1,1201
SINGLE,AF60F19D11LS,AFR-QC3F,48000,34000,1,1205
SINGLE,AF60F19D11LS,FPC-1458YAF2,143000,100000,1,1206
SINGLE,AF60F19D11LRS,AR60F06D1A0Q,252000,200000,1,1210
SINGLE,AF60F19D11LRS,AFR-QC3F,48000,34000,1,1211
SINGLE,AF60F19D11LRS,ARR-WK8F,48000,34000,1,1212
SINGLE,AF60F19D11LRS,FPC-1458YAF2,143000,100000,1,1213
SINGLE,AF60F19D11LRS,FRC-1438XAF2,77000,50000,1,1214
SINGLE,AF70F17D11WS,AFR-BC3F,48000,34000,1,1218
SINGLE,AF70F17D11WS,FPC-1412YAF2,143000,100000,1,1219
SINGLE,AF70F17D11WRS,AR60F06D1A0Q,252000,200000,1,1223
SINGLE,AF70F17D11WRS,AFR-BC3F,48000,34000,1,1224
SINGLE,AF70F17D11WRS,ARR-WK8F,48000,34000,1,1225
SINGLE,AF70F17D11WRS,FPC-1412YAF2,143000,100000,1,1226
SINGLE,AF70F17D11WRS,FRC-1438XAF2,77000,50000,1,1227
SINGLE,AF70F17D11GS,AFR-BC3F,48000,34000,1,1231
SINGLE,AF70F17D11GS,FPC-1412YAF2,143000,100000,1,1232
SINGLE,AF70F17D11GRS,AR60F06D1A0Q,252000,200000,1,1236
SINGLE,AF70F17D11GRS,AFR-BC3F,48000,34000,1,1237
SINGLE,AF70F17D11GRS,ARR-WK8F,48000,34000,1,1238
SINGLE,AF70F17D11GRS,FPC-1412YAF2,143000,100000,1,1239
SINGLE,AF70F17D11GRS,FRC-1438XAF2,77000,50000,1,1240
SINGLE,AF70F17D11BS,AFR-BC3F,48000,34000,1,1244
SINGLE,AF70F17D11BS,FPC-1412YAF2,143000,100000,1,1245
SINGLE,AF70F17D11BRS,AR60F06D1A0Q,252000,200000,1,1249
SINGLE,AF70F17D11BRS,AFR-BC3F,48000,34000,1,1250
SINGLE,AF70F17D11BRS,ARR-WK8F,48000,34000,1,1251
SINGLE,AF70F17D11BRS,FPC-1412YAF2,143000,100000,1,1252
SINGLE,AF70F17D11BRS,FRC-1438XAF2,77000,50000,1,1253
SINGLE,AF70F17D11LS,AFR-BC3F,48000,34000,1,1257
SINGLE,AF70F17D11LS,FPC-1412YAF2,143000,100000,1,1258
SINGLE,AF70F17D11LRS,AR60F06D1A0Q,252000,200000,1,1262
SINGLE,AF70F17D11LRS,AFR-BC3F,48000,34000,1,1263
SINGLE,AF70F17D11LRS,ARR-WK8F,48000,34000,1,1264
SINGLE,AF70F17D11LRS,FPC-1412YAF2,143000,100000,1,1265
SINGLE,AF70F17D11LRS,FRC-1438XAF2,77000,50000,1,1266
SINGLE,AF70F19D11WS,AFR-BC3F,48000,34000,1,1270
SINGLE,AF70F19D11WS,FPC-1458YAF2,143000,100000,1,1271
SINGLE,AF70F19D11WRS,AR60F06D1A0Q,252000,200000,1,1275
SINGLE,AF70F19D11WRS,AFR-BC3F,48000,34000,1,1276
SINGLE,AF70F19D11WRS,ARR-WK8F,48000,34000,1,1277
SINGLE,AF70F19D11WRS,FPC-1458YAF2,143000,100000,1,1278
SINGLE,AF70F19D11WRS,FRC-1438XAF2,77000,50000,1,1279
SINGLE,AF70F19D11GS,AFR-BC3F,48000,34000,1,1283
SINGLE,AF70F19D11GS,FPC-1458YAF2,143000,100000,1,1284
SINGLE,AF70F19D11GRS,AR60F06D1A0Q,252000,200000,1,1288
SINGLE,AF70F19D11GRS,AFR-BC3F,48000,34000,1,1289
SINGLE,AF70F19D11GRS,ARR-WK8F,48000,34000,1,1290
SINGLE,AF70F19D11GRS,FPC-1458YAF2,143000,100000,1,1291
SINGLE,AF70F19D11GRS,FRC-1438XAF2,77000,50000,1,1292
SINGLE,AF70F19D11BS,AFR-BC3F,48000,34000,1,1296
SINGLE,AF70F19D11BS,FPC-1458YAF2,143000,100000,1,1297
SINGLE,AF70F19D11BRS,AR60F06D1A0Q,252000,200000,1,1301
SINGLE,AF70F19D11BRS,AFR-BC3F,48000,34000,1,1302
SINGLE,AF70F19D11BRS,ARR-WK8F,48000,34000,1,1303
SINGLE,AF70F19D11BRS,FPC-1458YAF2,143000,100000,1,1304
SINGLE,AF70F19D11BRS,FRC-1438XAF2,77000,50000,1,1305
SINGLE,AF70F19D11LS,AFR-BC3F,48000,34000,1,1309
SINGLE,AF70F19D11LS,FPC-1458YAF2,143000,100000,1,1310
SINGLE,AF70F19D11LRS,AR60F06D1A0Q,252000,200000,1,1314
SINGLE,AF70F19D11LRS,AFR-BC3F,48000,34000,1,1315
SINGLE,AF70F19D11LRS,ARR-WK8F,48000,34000,1,1316
SINGLE,AF70F19D11LRS,FPC-1458YAF2,143000,100000,1,1317
SINGLE,AF70F19D11LRS,FRC-1438XAF2,77000,50000,1,1318
SINGLE,AF70F19D25WS,AFR-BC9F,48000,34000,1,1322
SINGLE,AF70F19D25WS,FPC-1458YAF2,143000,100000,1,1323
SINGLE,AF70F19D25WRS,AR60F06D1A0Q,252000,200000,1,1327
SINGLE,AF70F19D25WRS,AFR-BC9F,48000,34000,1,1328
SINGLE,AF70F19D25WRS,ARR-WK8F,48000,34000,1,1329
SINGLE,AF70F19D25WRS,FPC-1458YAF2,143000,100000,1,1330
SINGLE,AF70F19D25WRS,FRC-1438XAF2,77000,50000,1,1331
SINGLE,AF70F19D25BS,AFR-BC9F,48000,34000,1,1335
SINGLE,AF70F19D25BS,FPC-1458YAF2,143000,100000,1,1336
SINGLE,AF70F19D25BRS,AR60F06D1A0Q,252000,200000,1,1340
SINGLE,AF70F19D25BRS,AFR-BC9F,48000,34000,1,1341
SINGLE,AF70F19D25BRS,ARR-WK8F,48000,34000,1,1342
SINGLE,AF70F19D25BRS,FPC-1458YAF2,143000,100000,1,1343
SINGLE,AF70F19D25BRS,FRC-1438XAF2,77000,50000,1,1344
SINGLE,AF70F19D24LS,AFR-BC9F,48000,34000,1,1348
SINGLE,AF70F19D24LS,FPC-1458YAF2,143000,100000,1,1349
SINGLE,AF70F19D24LRS,AR60F06D1A0Q,252000,200000,1,1353
SINGLE,AF70F19D24LRS,AFR-BC9F,48000,34000,1,1354
SINGLE,AF70F19D24LRS,ARR-WK8F,48000,34000,1,1355
SINGLE,AF70F19D24LRS,FPC-1458YAF2,143000,100000,1,1356
SINGLE,AF70F19D24LRS,FRC-1438XAF2,77000,50000,1,1357
SINGLE,AF70F19D24RS,AFR-BC9F,48000,34000,1,1361
SINGLE,AF70F19D24RS,FPC-1458YAF2,143000,100000,1,1362
SINGLE,AF70F19D24RRS,AR60F06D1A0Q,252000,200000,1,1366
SINGLE,AF70F19D24RRS,AFR-BC9F,48000,34000,1,1367
SINGLE,AF70F19D24RRS,ARR-WK8F,48000,34000,1,1368
SINGLE,AF70F19D24RRS,FPC-1458YAF2,143000,100000,1,1369
SINGLE,AF70F19D24RRS,FRC-1438XAF2,77000,50000,1,1370
SINGLE,AF70F19D24IS,AFR-BC9F,48000,34000,1,1374
SINGLE,AF70F19D24IS,FPC-1458YAF2,143000,100000,1,1375
SINGLE,AF70F19D24IRS,AR60F06D1A0Q,252000,200000,1,1379
SINGLE,AF70F19D24IRS,AFR-BC9F,48000,34000,1,1380
SINGLE,AF70F19D24IRS,ARR-WK8F,48000,34000,1,1381
SINGLE,AF70F19D24IRS,FPC-1458YAF2,143000,100000,1,1382
SINGLE,AF70F19D24IRS,FRC-1438XAF2,77000,50000,1,1383
SINGLE,AF70F19D24ES,AFR-BC9F,48000,34000,1,1387
SINGLE,AF70F19D24ES,FPC-1458YAF2,143000,100000,1,1388
SINGLE,AF70F19D24ERS,AR60F06D1A0Q,252000,200000,1,1392
SINGLE,AF70F19D24ERS,AFR-BC9F,48000,34000,1,1393
SINGLE,AF70F19D24ERS,ARR-WK8F,48000,34000,1,1394
SINGLE,AF70F19D24ERS,FPC-1458YAF2,143000,100000,1,1395
SINGLE,AF70F19D24ERS,FRC-1438XAF2,77000,50000,1,1396
SINGLE,AF70F17D25WS,AFR-BC9F,48000,34000,1,1400
SINGLE,AF70F17D25WS,FPC-1412YAF2,143000,100000,1,1401
SINGLE,AF70F17D25WRS,AR60F06D1A0Q,252000,200000,1,1405
SINGLE,AF70F17D25WRS,AFR-BC9F,48000,34000,1,1406
SINGLE,AF70F17D25WRS,ARR-WK8F,48000,34000,1,1407
SINGLE,AF70F17D25WRS,FPC-1412YAF2,143000,100000,1,1408
SINGLE,AF70F17D25WRS,FRC-1438XAF2,77000,50000,1,1409
SINGLE,AF70F17D25BS,AFR-BC9F,48000,34000,1,1413
SINGLE,AF70F17D25BS,FPC-1412YAF2,143000,100000,1,1414
SINGLE,AF70F17D25BRS,AR60F06D1A0Q,252000,200000,1,1418
SINGLE,AF70F17D25BRS,AFR-BC9F,48000,34000,1,1419
SINGLE,AF70F17D25BRS,ARR-WK8F,48000,34000,1,1420
SINGLE,AF70F17D25BRS,FPC-1412YAF2,143000,100000,1,1421
SINGLE,AF70F17D25BRS,FRC-1438XAF2,77000,50000,1,1422
SINGLE,AF70F17D24LS,AFR-BC9F,48000,34000,1,1426
SINGLE,AF70F17D24LS,FPC-1412YAF2,143000,100000,1,1427
SINGLE,AF70F17D24LRS,AR60F06D1A0Q,252000,200000,1,1431
SINGLE,AF70F17D24LRS,AFR-BC9F,48000,34000,1,1432
SINGLE,AF70F17D24LRS,ARR-WK8F,48000,34000,1,1433
SINGLE,AF70F17D24LRS,FPC-1412YAF2,143000,100000,1,1434
SINGLE,AF70F17D24LRS,FRC-1438XAF2,77000,50000,1,1435
SINGLE,AF70F17D24WS,AFR-BC9F,48000,34000,1,1439
SINGLE,AF70F17D24WS,FPC-1412YAF2,143000,100000,1,1440
SINGLE,AF70F17D24WRS,AR60F06D1A0Q,252000,200000,1,1444
SINGLE,AF70F17D24WRS,AFR-BC9F,48000,34000,1,1445
SINGLE,AF70F17D24WRS,ARR-WK8F,48000,34000,1,1446
SINGLE,AF70F17D24WRS,FPC-1412YAF2,143000,100000,1,1447
SINGLE,AF70F17D24WRS,FRC-1438XAF2,77000,50000,1,1448
SINGLE,AF70F17D24IS,AFR-BC9F,48000,34000,1,1452
SINGLE,AF70F17D24IS,FPC-1412YAF2,143000,100000,1,1453
SINGLE,AF70F17D24IRS,AR60F06D1A0Q,252000,200000,1,1457
SINGLE,AF70F17D24IRS,AFR-BC9F,48000,34000,1,1458
SINGLE,AF70F17D24IRS,ARR-WK8F,48000,34000,1,1459
SINGLE,AF70F17D24IRS,FPC-1412YAF2,143000,100000,1,1460
SINGLE,AF70F17D24IRS,FRC-1438XAF2,77000,50000,1,1461
SINGLE,AF70F17D24ES,AFR-BC9F,48000,34000,1,1465
SINGLE,AF70F17D24ES,FPC-1412YAF2,143000,100000,1,1466
SINGLE,AF70F17D24ERS,AR60F06D1A0Q,252000,200000,1,1470
SINGLE,AF70F17D24ERS,AFR-BC9F,48000,34000,1,1471
SINGLE,AF70F17D24ERS,ARR-WK8F,48000,34000,1,1472
SINGLE,AF70F17D24ERS,FPC-1412YAF2,143000,100000,1,1473
SINGLE,AF70F17D24ERS,FRC-1438XAF2,77000,50000,1,1474
SINGLE,AF80F25D29WS,AFR-TC9F,48000,34000,1,1478
SINGLE,AF80F25D29WS,FPC-1458YAF2,143000,100000,1,1479
SINGLE,AF80F25D29WRS,AR80F06D2A1Q,501000,399000,1,1483
SINGLE,AF80F25D29WRS,AFR-TC9F,48000,34000,1,1484
SINGLE,AF80F25D29WRS,ARR-PK8F,48000,34000,1,1485
SINGLE,AF80F25D29WRS,FPC-1458YAF2,143000,100000,1,1486
SINGLE,AF80F25D29WRS,FRC-1438XAF2,77000,50000,1,1487
SINGLE,AF80F25D28BS,AFR-TC9F,48000,34000,1,1491
SINGLE,AF80F25D28BS,FPC-1458YAF2,143000,100000,1,1492
SINGLE,AF80F25D28BRS,AR80F06D2A1Q,501000,399000,1,1496
SINGLE,AF80F25D28BRS,AFR-TC9F,48000,34000,1,1497
SINGLE,AF80F25D28BRS,ARR-PK8F,48000,34000,1,1498
SINGLE,AF80F25D28BRS,FPC-1458YAF2,143000,100000,1,1499
SINGLE,AF80F25D28BRS,FRC-1438XAF2,77000,50000,1,1500
SINGLE,AF80F20D28WS,AFR-TC9F,48000,34000,1,1504
SINGLE,AF80F20D28WS,FPC-1458YAF2,143000,100000,1,1505
SINGLE,AF80F20D28WRS,AR80F06D2A1Q,501000,399000,1,1509
SINGLE,AF80F20D28WRS,AFR-TC9F,48000,34000,1,1510
SINGLE,AF80F20D28WRS,ARR-PK8F,48000,34000,1,1511
SINGLE,AF80F20D28WRS,FPC-1458YAF2,143000,100000,1,1512
SINGLE,AF80F20D28WRS,FRC-1438XAF2,77000,50000,1,1513
SINGLE,AF80F20D27CS,AFR-TC9F,48000,34000,1,1517
SINGLE,AF80F20D27CS,FPC-1458YAF2,143000,100000,1,1518
SINGLE,AF80F20D27CRS,AR60F06D1A1Q,312000,266000,1,1522
SINGLE,AF80F20D27CRS,AFR-TC9F,48000,34000,1,1523
SINGLE,AF80F20D27CRS,ARR-WK8F,48000,34000,1,1524
SINGLE,AF80F20D27CRS,FPC-1458YAF2,143000,100000,1,1525
SINGLE,AF80F20D27CRS,FRC-1438XAF2,77000,50000,1,1526
SINGLE,AF80F18D28WS,AFR-TC9F,48000,34000,1,1530
SINGLE,AF80F18D28WS,FPC-1458YAF2,143000,100000,1,1531
SINGLE,AF80F18D28WRS,AR80F06D2A1Q,501000,399000,1,1535
SINGLE,AF80F18D28WRS,AFR-TC9F,48000,34000,1,1536
SINGLE,AF80F18D28WRS,ARR-PK8F,48000,34000,1,1537
SINGLE,AF80F18D28WRS,FPC-1458YAF2,143000,100000,1,1538
SINGLE,AF80F18D28WRS,FRC-1438XAF2,77000,50000,1,1539
SINGLE,AF80F18D27CS,AFR-TC9F,48000,34000,1,1543
SINGLE,AF80F18D27CS,FPC-1458YAF2,143000,100000,1,1544
SINGLE,AF80F18D27CRS,AR60F06D1A1Q,312000,266000,1,1548
SINGLE,AF80F18D27CRS,AFR-TC9F,48000,34000,1,1549
SINGLE,AF80F18D27CRS,ARR-WK8F,48000,34000,1,1550
SINGLE,AF80F18D27CRS,FPC-1458YAF2,143000,100000,1,1551
SINGLE,AF80F18D27CRS,FRC-1438XAF2,77000,50000,1,1552
SINGLE,AF90H25D36WS,FPC-1458YAF2,143000,100000,1,1556
SINGLE,AF90H25D36WRS,AR80H06D2A1Q,649000,433000,1,1560
SINGLE,AF90H25D36WRS,FPC-1458YAF2,143000,100000,1,1561
SINGLE,AF90H25D36WRS,FRC-1438XAF2,77000,50000,1,1562
SINGLE,AF90H22D36WS,FPC-1458YAF2,143000,100000,1,1566
SINGLE,AF90H22D36WRS,AR80H06D2A1Q,649000,433000,1,1570
SINGLE,AF90H22D36WRS,FPC-1458YAF2,143000,100000,1,1571
SINGLE,AF90H22D36WRS,FRC-1438XAF2,77000,50000,1,1572
SINGLE,AF90H22D35WS,FPC-1458YAF2,143000,100000,1,1576
SINGLE,AF90H22D35WRS,AR70H06D1A1Q,410000,287000,1,1580
SINGLE,AF90H22D35WRS,FPC-1458YAF2,143000,100000,1,1581
SINGLE,AF90H22D35WRS,FRC-1438XAF2,77000,50000,1,1582
SINGLE,AF90H22D35ES,FPC-1458YAF2,143000,100000,1,1586
SINGLE,AF90H22D35ERS,AR70H06D1A1Q,410000,287000,1,1590
SINGLE,AF90H22D35ERS,FPC-1458YAF2,143000,100000,1,1591
SINGLE,AF90H22D35ERS,FRC-1438XAF2,77000,50000,1,1592
SINGLE,AF90H19D38WS,FPC-1458YAF2,143000,100000,1,1596
SINGLE,AF90H19D38WRS,AR70H06D1A1Q,410000,287000,1,1600
SINGLE,AF90H19D38WRS,FPC-1458YAF2,143000,100000,1,1601
SINGLE,AF90H19D38WRS,FRC-1438XAF2,77000,50000,1,1602
SINGLE,AF90H19D27SS,FPC-1458YAF2,143000,100000,1,1606
SINGLE,AF90H19D27SRS,AR70H06D1A1Q,410000,287000,1,1610
SINGLE,AF90H19D27SRS,FPC-1458YAF2,143000,100000,1,1611
SINGLE,AF90H19D27SRS,FRC-1438XAF2,77000,50000,1,1612
SINGLE,AF90H19D35WS,FPC-1458YAF2,143000,100000,1,1616
SINGLE,AF90H19D35WRS,AR70H06D1A1Q,410000,287000,1,1620
SINGLE,AF90H19D35WRS,FPC-1458YAF2,143000,100000,1,1621
SINGLE,AF90H19D35WRS,FRC-1438XAF2,77000,50000,1,1622
SINGLE,AF90H19D35ES,FPC-1458YAF2,143000,100000,1,1626
SINGLE,AF90H19D35ERS,AR70H06D1A1Q,410000,287000,1,1630
SINGLE,AF90H19D35ERS,FPC-1458YAF2,143000,100000,1,1631
SINGLE,AF90H19D35ERS,FRC-1438XAF2,77000,50000,1,1632
SINGLE,AF90H19D24SS,FPC-1458YAF2,143000,100000,1,1636
SINGLE,AF90H19D24SRS,AR70H06D1A1Q,410000,287000,1,1640
SINGLE,AF90H19D24SRS,FPC-1458YAF2,143000,100000,1,1641
SINGLE,AF90H19D24SRS,FRC-1438XAF2,77000,50000,1,1642
SINGLE,AF90H19D24GS,FPC-1458YAF2,143000,100000,1,1646
SINGLE,AF90H19D24GRS,AR70H06D1A1Q,410000,287000,1,1650
SINGLE,AF90H19D24GRS,FPC-1458YAF2,143000,100000,1,1651
SINGLE,AF90H19D24GRS,FRC-1438XAF2,77000,50000,1,1652
SINGLE,AF90H17D38WS,FPC-1458YAF2,143000,100000,1,1656
SINGLE,AF90H17D38WRS,AR70H06D1A1Q,410000,287000,1,1660
SINGLE,AF90H17D38WRS,FPC-1458YAF2,143000,100000,1,1661
SINGLE,AF90H17D38WRS,FRC-1438XAF2,77000,50000,1,1662
SINGLE,AF90H17D38ES,FPC-1458YAF2,143000,100000,1,1666
SINGLE,AF90H17D38ERS,AR70H06D1A1Q,410000,287000,1,1670
SINGLE,AF90H17D38ERS,FPC-1458YAF2,143000,100000,1,1671
SINGLE,AF90H17D38ERS,FRC-1438XAF2,77000,50000,1,1672
SINGLE,AF90H17D27SS,FPC-1458YAF2,143000,100000,1,1676
SINGLE,AF90H17D27SRS,AR70H06D1A1Q,410000,287000,1,1680
SINGLE,AF90H17D27SRS,FPC-1458YAF2,143000,100000,1,1681
SINGLE,AF90H17D27SRS,FRC-1438XAF2,77000,50000,1,1682
SINGLE,AF90H17D27GS,FPC-1458YAF2,143000,100000,1,1686
SINGLE,AF90H17D27GRS,AR70H06D1A1Q,410000,287000,1,1690
SINGLE,AF90H17D27GRS,FPC-1458YAF2,143000,100000,1,1691
SINGLE,AF90H17D27GRS,FRC-1438XAF2,77000,50000,1,1692
SINGLE,AF90H17D35WS,FPC-1412YAF2,143000,100000,1,1696
SINGLE,AF90H17D35WRS,AR70H06D1A1Q,410000,287000,1,1700
SINGLE,AF90H17D35WRS,FPC-1412YAF2,143000,100000,1,1701
SINGLE,AF90H17D35WRS,FRC-1438XAF2,77000,50000,1,1702
SINGLE,AF90H17D35ES,FPC-1412YAF2,143000,100000,1,1706
SINGLE,AF90H17D35ERS,AR70H06D1A1Q,410000,287000,1,1710
SINGLE,AF90H17D35ERS,FPC-1412YAF2,143000,100000,1,1711
SINGLE,AF90H17D35ERS,FRC-1438XAF2,77000,50000,1,1712
SINGLE,AF90H17D24SS,FPC-1412YAF2,143000,100000,1,1716
SINGLE,AF90H17D24SRS,AR70H06D1A1Q,410000,287000,1,1720
SINGLE,AF90H17D24SRS,FPC-1412YAF2,143000,100000,1,1721
SINGLE,AF90H17D24SRS,FRC-1438XAF2,77000,50000,1,1722
SINGLE,AF90H17D24GS,FPC-1412YAF2,143000,100000,1,1726
SINGLE,AF90H17D24GRS,AR70H06D1A1Q,410000,287000,1,1730
SINGLE,AF90H17D24GRS,FPC-1412YAF2,143000,100000,1,1731
SINGLE,AF90H17D24GRS,FRC-1438XAF2,77000,50000,1,1732
SINGLE,520일자발,SI-AL600a,20000,20000,1,1734
SINGLE,730일자발,SI-AL700a,20000,25000,1,1735
COMMERCIAL,AM220AXVHHH1SY,AM100AXVHHH1,9289500,5109225,1,11
COMMERCIAL,AM220AXVHHH1SY,AM120AXVHHH1,10756900,5916295,1,12
COMMERCIAL,AM240AXVHHH1SY,AM120AXVHHH1,10756900,5916295,2,14
COMMERCIAL,AM260AXVHHH1SY,AM100AXVHHH1,9289500,5109225,1,15
COMMERCIAL,AM260AXVHHH1SY,AM160AXVHHH1,14890700,8189885,1,16
COMMERCIAL,AM280AXVHHH1SY,AM100AXVHHH1,9289500,5109225,1,17
COMMERCIAL,AM280AXVHHH1SY,AM180AXVHHH1,15225100,8373805,1,18
COMMERCIAL,AM300AXVHHH1SY,AM100AXVHHH1,9289500,5109225,1,19
COMMERCIAL,AM300AXVHHH1SY,AM200AXVHHH1,15484700,8516585,1,20
COMMERCIAL,AM320AXVHHH1SY,AM120AXVHHH1,10756900,5916295,1,21
COMMERCIAL,AM320AXVHHH1SY,AM200AXVHHH1,15484700,8516585,1,22
COMMERCIAL,AM340AXVHHH1SY,AM140AXVHHH1,12749000,7011950,1,23
COMMERCIAL,AM340AXVHHH1SY,AM200AXVHHH1,15484700,8516585,1,24
COMMERCIAL,AM360AXVHHH1SY,AM180AXVHHH1,15225100,8373805,2,26
COMMERCIAL,AM380AXVHHH1SY,AM180AXVHHH1,15225100,8373805,1,27
COMMERCIAL,AM380AXVHHH1SY,AM200AXVHHH1,15484700,8516585,1,28
COMMERCIAL,AM400AXVHHH1SY,AM200AXVHHH1,15484700,8516585,2,30
COMMERCIAL,AM420AXVHHH1SY,AM100AXVHHH1,9289500,5109225,1,31
COMMERCIAL,AM420AXVHHH1SY,AM120AXVHHH1,10756900,5916295,1,32
COMMERCIAL,AM420AXVHHH1SY,AM200AXVHHH1,15484700,8516585,1,33
COMMERCIAL,AM440AXVHHH1SY,AM120AXVHHH1,10756900,5916295,2,35
COMMERCIAL,AM440AXVHHH1SY,AM200AXVHHH1,15484700,8516585,1,36
COMMERCIAL,AM460AXVHHH1SY,AM120AXVHHH1,10756900,5916295,1,37
COMMERCIAL,AM460AXVHHH1SY,AM160AXVHHH1,14890700,8189885,1,38
COMMERCIAL,AM460AXVHHH1SY,AM180AXVHHH1,15225100,8373805,1,39
COMMERCIAL,AM480AXVHHH1SY,AM120AXVHHH1,10756900,5916295,1,40
COMMERCIAL,AM480AXVHHH1SY,AM160AXVHHH1,14890700,8189885,1,41
COMMERCIAL,AM480AXVHHH1SY,AM200AXVHHH1,15484700,8516585,1,42
COMMERCIAL,AM260AXVSHH1SY,AM120AXVSHH1,10555600,5805580,1,52
COMMERCIAL,AM260AXVSHH1SY,AM140AXVSHH1,12867800,7077290,1,53
COMMERCIAL,AM280AXVSHH1SY,AM080AXVSHH1,8413900,4627645,1,54
COMMERCIAL,AM280AXVSHH1SY,AM200AXVSHH1,15195400,8357470,1,55
COMMERCIAL,AM300AXVSHH1SY,AM100AXVSHH1,9115700,5013635,1,56
COMMERCIAL,AM300AXVSHH1SY,AM200AXVSHH1,15195400,8357470,1,57
COMMERCIAL,AM320AXVSHH1SY,AM120AXVSHH1,10555600,5805580,1,58
COMMERCIAL,AM320AXVSHH1SY,AM200AXVSHH1,15195400,8357470,1,59
COMMERCIAL,AM340AXVSHH1SY,AM100AXVSHH1,9115700,5013635,1,60
COMMERCIAL,AM340AXVSHH1SY,AM240AXVSHH1,20942900,11518595,1,61
COMMERCIAL,AM360AXVSHH1SY,AM160AXVSHH1,14612400,8036820,1,62
COMMERCIAL,AM360AXVSHH1SY,AM200AXVSHH1,15195400,8357470,1,63
COMMERCIAL,AM380AXVSHH1SY,AM180AXVSHH1,14940200,8217110,1,64
COMMERCIAL,AM380AXVSHH1SY,AM200AXVSHH1,15195400,8357470,1,65
COMMERCIAL,AM400AXVSHH1SY,AM200AXVSHH1,15195400,8357470,2,67
COMMERCIAL,AM420AXVSHH1SY,AM180AXVSHH1,14940200,8217110,1,68
COMMERCIAL,AM420AXVSHH1SY,AM240AXVSHH1,20942900,11518595,1,69
COMMERCIAL,AM440AXVSHH1SY,AM200AXVSHH1,15195400,8357470,1,70
COMMERCIAL,AM440AXVSHH1SY,AM240AXVSHH1,20942900,11518595,1,71
COMMERCIAL,AM460AXVSHH1SY,AM220AXVSHH1,19514000,10732700,1,72
COMMERCIAL,AM460AXVSHH1SY,AM240AXVSHH1,20942900,11518595,1,73
COMMERCIAL,AM260AXVGHH1SY,AM120AXVGHH1,8421600,4631880,1,88
COMMERCIAL,AM260AXVGHH1SY,AM140AXVGHH1,10212400,5616820,1,89
COMMERCIAL,AM280AXVGHH1SY,AM140AXVGHH1,10212400,5616820,2,91
COMMERCIAL,AM300AXVGHH1SY,AM100AXVGHH1,7538300,4146065,1,92
COMMERCIAL,AM300AXVGHH1SY,AM200AXVGHH1,12789700,7034335,1,93
COMMERCIAL,AM320AXVGHH1SY,AM120AXVGHH1,8421600,4631880,1,94
COMMERCIAL,AM320AXVGHH1SY,AM200AXVGHH1,12789700,7034335,1,95
COMMERCIAL,AM340AXVGHH1SY,AM120AXVGHH1,8421600,4631880,1,96
COMMERCIAL,AM340AXVGHH1SY,AM240AXVGHH1,15703600,8636980,1,97
COMMERCIAL,AM360AXVGHH1SY,AM120AXVGHH1,8421600,4631880,1,98
COMMERCIAL,AM360AXVGHH1SY,AM240AXVGHH1,15703600,8636980,1,99
COMMERCIAL,AM380AXVGHH1SY,AM140AXVGHH1,10212400,5616820,1,100
COMMERCIAL,AM380AXVGHH1SY,AM240AXVGHH1,15703600,8636980,1,101
COMMERCIAL,AM400AXVGHH1SY,AM200AXVGHH1,12789700,7034335,2,103
COMMERCIAL,AM420AXVGHH1SY,AM200AXVGHH1,12789700,7034335,1,104
COMMERCIAL,AM420AXVGHH1SY,AM220AXVGHH1,14869800,8178390,1,105
COMMERCIAL,AM440AXVGHH1SY,AM200AXVGHH1,12789700,7034335,1,106
COMMERCIAL,AM440AXVGHH1SY,AM240AXVGHH1,15703600,8636980,1,107
COMMERCIAL,AM460AXVGHH1SY,AM220AXVGHH1,14869800,8178390,1,108
COMMERCIAL,AM460AXVGHH1SY,AM240AXVGHH1,15703600,8636980,1,109
COMMERCIAL,AM480AXVGHH1SY,AM240AXVGHH1,15703600,8636980,2,111
COMMERCIAL,AM260AXVGHC1SY,AM120AXVGHC1,6666000,3666300,1,126
COMMERCIAL,AM260AXVGHC1SY,AM140AXVGHC1,8033300,4418315,1,127
COMMERCIAL,AM280AXVGHC1SY,AM140AXVGHC1,8033300,4418315,2,129
COMMERCIAL,AM300AXVGHC1SY,AM100AXVGHC1,5962000,3279100,1,130
COMMERCIAL,AM300AXVGHC1SY,AM200AXVGHC1,10120000,5566000,1,131
COMMERCIAL,AM320AXVGHC1SY,AM120AXVGHC1,6666000,3666300,1,132
COMMERCIAL,AM320AXVGHC1SY,AM200AXVGHC1,10120000,5566000,1,133
COMMERCIAL,AM340AXVGHC1SY,AM120AXVGHC1,6666000,3666300,1,134
COMMERCIAL,AM340AXVGHC1SY,AM240AXVGHC1,12349700,6792335,1,135
COMMERCIAL,AM360AXVGHC1SY,AM140AXVGHC1,8033300,4418315,1,136
COMMERCIAL,AM360AXVGHC1SY,AM220AXVGHC1,11642400,6403320,1,137
COMMERCIAL,AM380AXVGHC1SY,AM140AXVGHC1,8033300,4418315,1,138
COMMERCIAL,AM380AXVGHC1SY,AM240AXVGHC1,12349700,6792335,1,139
COMMERCIAL,AM400AXVGHC1SY,AM120AXVGHC1,6666000,3666300,1,140
COMMERCIAL,AM400AXVGHC1SY,AM280AXVGHC1,17025800,9364190,1,141
COMMERCIAL,AM420AXVGHC1SY,AM140AXVGHC1,8033300,4418315,1,142
COMMERCIAL,AM420AXVGHC1SY,AM280AXVGHC1,17025800,9364190,1,143
COMMERCIAL,AM440AXVGHC1SY,AM140AXVGHC1,8033300,4418315,1,144
COMMERCIAL,AM440AXVGHC1SY,AM300AXVGHC1,18704400,10287420,1,145
COMMERCIAL,AM460AXVGHC1SY,AM220AXVGHC1,11642400,6403320,1,146
COMMERCIAL,AM460AXVGHC1SY,AM240AXVGHC1,12349700,6792335,1,147
COMMERCIAL,AM480AXVGHC1SY,AM240AXVGHC1,12349700,6792335,2,149
COMMERCIAL,AM500AXVGHC1SY,AM220AXVGHC1,11642400,6403320,1,150
COMMERCIAL,AM500AXVGHC1SY,AM280AXVGHC1,17025800,9364190,1,151
COMMERCIAL,AN160FSKLBN1SY,AN080FSKLBN1,2200000,1430000,2,292
COMMERCIAL,AN200FSKLBN1SY,AN100FSKLBN1,2255000,1465750,2,294
COMMERCIAL,AM360NXGGBH1S,AM160NXGGBH1,30030000,19519500,1,415
COMMERCIAL,AM360NXGGBH1S,AM200NXGGBH1,30800000,20020000,1,416
COMMERCIAL,AM400NXGGBH1S,AM200NXGGBH1,30800000,20020000,2,418
COMMERCIAL,AM450NXGGBH1S,AM200NXGGBH1,30800000,20020000,1,419
COMMERCIAL,AM450NXGGBH1S,AM250NXGGBH1,33000000,21450000,1,420
COMMERCIAL,AM500NXGGBH1S,AM250NXGGBH1,33000000,21450000,2,422
COMMERCIAL,AM220AXVUHH1SY,AM100AXVUHH1,5991700,3295435,1,430
COMMERCIAL,AM220AXVUHH1SY,AM120AXVUHH1,6965200,3830860,1,431
COMMERCIAL,AM240AXVUHH1SY,AM120AXVUHH1,6965200,3830860,2,433
COMMERCIAL,AM260AXVUHH1SY,AM100AXVUHH1,5991700,3295435,1,434
COMMERCIAL,AM260AXVUHH1SY,AM160AXVUHH1,10027600,5515180,1,435
COMMERCIAL,AM280AXVUHH1SY,AM100AXVUHH1,5991700,3295435,1,436
COMMERCIAL,AM280AXVUHH1SY,AM180AXVUHH1,10336700,5685185,1,437
COMMERCIAL,AM300AXVUHH1SY,AM100AXVUHH1,5991700,3295435,1,438
COMMERCIAL,AM300AXVUHH1SY,AM200AXVUHH1,10536900,5795295,1,439
COMMERCIAL,AM320AXVUHH1SY,AM120AXVUHH1,6965200,3830860,1,440
COMMERCIAL,AM320AXVUHH1SY,AM200AXVUHH1,10536900,5795295,1,441
COMMERCIAL,AM340AXVUHH1SY,AM140AXVUHH1,8237900,4530845,1,442
COMMERCIAL,AM340AXVUHH1SY,AM200AXVUHH1,10536900,5795295,1,443
COMMERCIAL,AM360AXVUHH1SY,AM180AXVUHH1,10336700,5685185,2,445
COMMERCIAL,AM380AXVUHH1SY,AM180AXVUHH1,10336700,5685185,1,446
COMMERCIAL,AM380AXVUHH1SY,AM200AXVUHH1,10536900,5795295,1,447
COMMERCIAL,AM400AXVUHH1SY,AM200AXVUHH1,10536900,5795295,2,449
COMMERCIAL,AM420AXVUHH1SY,AM100AXVUHH1,5991700,3295435,1,450
COMMERCIAL,AM420AXVUHH1SY,AM120AXVUHH1,6965200,3830860,1,451
COMMERCIAL,AM420AXVUHH1SY,AM200AXVUHH1,10536900,5795295,1,452
COMMERCIAL,AM440AXVUHH1SY,AM120AXVUHH1,6965200,3830860,2,454
COMMERCIAL,AM440AXVUHH1SY,AM200AXVUHH1,10536900,5795295,1,455
COMMERCIAL,AM460AXVUHH1SY,AM120AXVUHH1,6965200,3830860,1,456
COMMERCIAL,AM460AXVUHH1SY,AM160AXVUHH1,10027600,5515180,1,457
COMMERCIAL,AM460AXVUHH1SY,AM180AXVUHH1,10336700,5685185,1,458
COMMERCIAL,AM480AXVUHH1SY,AM120AXVUHH1,6965200,3830860,1,459
COMMERCIAL,AM480AXVUHH1SY,AM160AXVUHH1,10027600,5515180,1,460
COMMERCIAL,AM480AXVUHH1SY,AM200AXVUHH1,10536900,5795295,1,461
COMMERCIAL,AM220AXVHHR1SY,AM100AXVHHR1,9120100,5016055,1,469
COMMERCIAL,AM220AXVHHR1SY,AM120AXVHHR1,10560000,5808000,1,470
COMMERCIAL,AM240AXVHHR1SY,AM120AXVHHR1,10560000,5808000,2,472
COMMERCIAL,AM260AXVHHR1SY,AM100AXVHHR1,9120100,5016055,1,473
COMMERCIAL,AM260AXVHHR1SY,AM160AXVHHR1,14207600,7814180,1,474
COMMERCIAL,AM280AXVHHR1SY,AM100AXVHHR1,9120100,5016055,1,475
COMMERCIAL,AM280AXVHHR1SY,AM180AXVHHR1,14526600,7989630,1,476
COMMERCIAL,AM300AXVHHR1SY,AM100AXVHHR1,9120100,5016055,1,477
COMMERCIAL,AM300AXVHHR1SY,AM200AXVHHR1,16024800,8813640,1,478
COMMERCIAL,AM320AXVHHR1SY,AM120AXVHHR1,10560000,5808000,1,479
COMMERCIAL,AM320AXVHHR1SY,AM200AXVHHR1,16024800,8813640,1,480
COMMERCIAL,AM340AXVHHR1SY,AM140AXVHHR1,12513600,6882480,1,481
COMMERCIAL,AM340AXVHHR1SY,AM200AXVHHR1,16024800,8813640,1,482
COMMERCIAL,AM360AXVHHR1SY,AM180AXVHHR1,14526600,7989630,2,484
COMMERCIAL,AM380AXVHHR1SY,AM180AXVHHR1,14526600,7989630,1,485
COMMERCIAL,AM380AXVHHR1SY,AM200AXVHHR1,16024800,8813640,1,486
COMMERCIAL,AM400AXVHHR1SY,AM200AXVHHR1,16024800,8813640,2,488
COMMERCIAL,AM420AXVHHR1SY,AM100AXVHHR1,9120100,5016055,1,489
COMMERCIAL,AM420AXVHHR1SY,AM120AXVHHR1,10560000,5808000,1,490
COMMERCIAL,AM420AXVHHR1SY,AM200AXVHHR1,16024800,8813640,1,491
COMMERCIAL,AM440AXVHHR1SY,AM120AXVHHR1,10560000,5808000,2,493
COMMERCIAL,AM440AXVHHR1SY,AM200AXVHHR1,16024800,8813640,1,494
COMMERCIAL,AM460AXVHHR1SY,AM120AXVHHR1,10560000,5808000,1,495
COMMERCIAL,AM460AXVHHR1SY,AM160AXVHHR1,14207600,7814180,1,496
COMMERCIAL,AM460AXVHHR1SY,AM180AXVHHR1,14526600,7989630,1,497
COMMERCIAL,AM480AXVHHR1SY,AM120AXVHHR1,10560000,5808000,1,498
COMMERCIAL,AM480AXVHHR1SY,AM160AXVHHR1,14207600,7814180,1,499
COMMERCIAL,AM480AXVHHR1SY,AM200AXVHHR1,16024800,8813640,1,500
COMMERCIAL,AM220AXVJHJ1SY,AM100AXVHJH1,10700800,5885440,1,508
COMMERCIAL,AM220AXVJHJ1SY,AM120AXVHJH1,12469600,6858280,1,509
COMMERCIAL,AM240AXVJHJ1SY,AM120AXVHJH1,12469600,6858280,2,511
COMMERCIAL,AM260AXVJHJ1SY,AM100AXVHJH1,10700800,5885440,1,512
COMMERCIAL,AM260AXVJHJ1SY,AM160AXVHJH1,16880600,9284330,1,513
COMMERCIAL,AM280AXVJHJ1SY,AM100AXVHJH1,10700800,5885440,1,514
COMMERCIAL,AM280AXVJHJ1SY,AM180AXVHJH1,17882700,9835485,1,515
COMMERCIAL,AM300AXVJHJ1SY,AM100AXVHJH1,10700800,5885440,1,516
COMMERCIAL,AM300AXVJHJ1SY,AM200AXVHJH1,19638300,10801065,1,517
COMMERCIAL,AM320AXVJHJ1SY,AM120AXVHJH1,12469600,6858280,1,518
COMMERCIAL,AM320AXVJHJ1SY,AM200AXVHJH1,19638300,10801065,1,519
COMMERCIAL,AM340AXVJHJ1SY,AM140AXVHJH1,16054500,8829975,1,520
COMMERCIAL,AM340AXVJHJ1SY,AM200AXVHJH1,19638300,10801065,1,521
COMMERCIAL,AM360AXVJHJ1SY,AM180AXVHJH1,17882700,9835485,2,523
COMMERCIAL,AM380AXVJHJ1SY,AM180AXVHJH1,17882700,9835485,1,524
COMMERCIAL,AM380AXVJHJ1SY,AM200AXVHJH1,19638300,10801065,1,525
COMMERCIAL,AM400AXVJHJ1SY,AM200AXVHJH1,19638300,10801065,2,527
COMMERCIAL,AM420AXVJHJ1SY,AM100AXVHJH1,10700800,5885440,1,528
COMMERCIAL,AM420AXVJHJ1SY,AM120AXVHJH1,12469600,6858280,1,529
COMMERCIAL,AM420AXVJHJ1SY,AM200AXVHJH1,19638300,10801065,1,530
COMMERCIAL,AM440AXVJHJ1SY,AM120AXVHJH1,12469600,6858280,2,532
COMMERCIAL,AM440AXVJHJ1SY,AM200AXVHJH1,19638300,10801065,1,533
COMMERCIAL,AM460AXVJHJ1SY,AM120AXVHJH1,12469600,6858280,1,534
COMMERCIAL,AM460AXVJHJ1SY,AM160AXVHJH1,16880600,9284330,1,535
COMMERCIAL,AM460AXVJHJ1SY,AM180AXVHJH1,17882700,9835485,1,536
COMMERCIAL,AM480AXVJHJ1SY,AM120AXVHJH1,12469600,6858280,1,537
COMMERCIAL,AM480AXVJHJ1SY,AM160AXVHJH1,16880600,9284330,1,538
COMMERCIAL,AM480AXVJHJ1SY,AM200AXVHJH1,19638300,10801065,1,539
