"parent_model_code","line_no","component_model_code","quantity","unit_price","component_kind","set_head"
"AC023CS1DBC1SY","1","AC023CN1DBC1","1.00","255700.00","INDOOR","True"
"AC023CS1DBC1SY","2","AC023CX1DBC1","1.00","383600.00","OUTDOOR","False"
"AC023CS1DBC1SY","3","PC1NWSK3NW","1.00","84700.00","PANEL","False"
"AC023CS1DBC1SY","4","AR-EC05","1.00","16000.00","REMOTE","False"
"AC023CS1PBH1SY","1","AC023CN1PBH1","1.00","328615.00","INDOOR","True"
"AC023CS1PBH1SY","2","AC023CX1PBH1","1.00","492770.00","OUTDOOR","False"
"AC023CS1PBH1SY","3","PC1NWSK3NW","1.00","84700.00","PANEL","False"
"AC023CS1PBH1SY","4","AR-EH05","1.00","13915.00","REMOTE","False"
"AC032CS1DBC1SY","1","AC032CN1DBC1","1.00","283700.00","INDOOR","True"
"AC032CS1DBC1SY","2","AC032CX1DBC1","1.00","425600.00","OUTDOOR","False"
"AC032CS1DBC1SY","3","PC1NWSK3NW","1.00","84700.00","PANEL","False"
"AC032CS1DBC1SY","4","AR-EC05","1.00","16000.00","REMOTE","False"
"AC032CS1PBH1SY","1","AC032CN1PBH1","1.00","344615.00","INDOOR","True"
"AC032CS1PBH1SY","2","AC032CX1PBH1","1.00","516770.00","OUTDOOR","False"
"AC032CS1PBH1SY","3","PC1NWSK3NW","1.00","84700.00","PANEL","False"
"AC032CS1PBH1SY","4","AR-EH05","1.00","13915.00","REMOTE","False"
"AC040CS1DBC1SY","1","AC040CN1DBC1","1.00","335700.00","INDOOR","True"
"AC040CS1DBC1SY","2","AC040CX1DBC1","1.00","503600.00","OUTDOOR","False"
"AC040CS1DBC1SY","3","PC1NWSK3NW","1.00","84700.00","PANEL","False"
"AC040CS1DBC1SY","4","AR-EC05","1.00","16000.00","REMOTE","False"
"AC040CS1PBH1SY","1","AC040CN1PBH1","1.00","428615.00","INDOOR","True"
"AC040CS1PBH1SY","2","AC040CX1PBH1","1.00","642770.00","OUTDOOR","False"
"AC040CS1PBH1SY","3","PC1NWSK3NW","1.00","84700.00","PANEL","False"
"AC040CS1PBH1SY","4","AR-EH05","1.00","13915.00","REMOTE","False"
"AC052CS1DBC1SY","1","AC052CN1DBC1","1.00","377580.00","INDOOR","True"
"AC052CS1DBC1SY","2","AC052CX1DBC1","1.00","567840.00","OUTDOOR","False"
"AC052CS1DBC1SY","3","PC1BWSK3NW","1.00","118580.00","PANEL","False"
"AC052CS1DBC1SY","4","AR-EC05","1.00","16000.00","REMOTE","False"
"AC052CS1PBH1SY","1","AC052CN1PBH1","1.00","530495.00","INDOOR","True"
"AC052CS1PBH1SY","2","AC052CX1PBH1","1.00","797010.00","OUTDOOR","False"
"AC052CS1PBH1SY","3","PC1BWSK3NW","1.00","118580.00","PANEL","False"
"AC052CS1PBH1SY","4","AR-EH05","1.00","13915.00","REMOTE","False"
"AC060BS4PBH7SY","1","AC060BN4PBH1","1.00","472975.00","INDOOR","True"
"AC060BS4PBH7SY","2","AC060BXAPBH3","1.00","709050.00","OUTDOOR","False"
"AC060BS4PBH7SY","3","PC4NUFK1NW","1.00","104060.00","PANEL","False"
"AC060BS4PBH7SY","4","AR-EH05","1.00","13915.00","REMOTE","False"
"AC060CS1DBC1SY","1","AC060CN1DBC1","1.00","381580.00","INDOOR","True"
"AC060CS1DBC1SY","2","AC060CX1DBC1","1.00","573840.00","OUTDOOR","False"
"AC060CS1DBC1SY","3","PC1BWSK3NW","1.00","118580.00","PANEL","False"
"AC060CS1DBC1SY","4","AR-EC05","1.00","16000.00","REMOTE","False"
"AC060CS1PBH1SY","1","AC060CN1PBH1","1.00","550495.00","INDOOR","True"
"AC060CS1PBH1SY","2","AC060CX1PBH1","1.00","827010.00","OUTDOOR","False"
"AC060CS1PBH1SY","3","PC1BWSK3NW","1.00","118580.00","PANEL","False"
"AC060CS1PBH1SY","4","AR-EH05","1.00","13915.00","REMOTE","False"
"AC060CS4DBC1SY","1","AC060CN4DBC1","1.00","455060.00","INDOOR","True"
"AC060CS4DBC1SY","2","AC060CXADBC1","1.00","684880.00","OUTDOOR","False"
"AC060CS4DBC1SY","3","PC4NUFK1NW","1.00","104060.00","PANEL","False"
"AC060CS4DBC1SY","4","AR-EC05","1.00","16000.00","REMOTE","False"
"AC060CS4FBH2SY","1","AC060CN4FBH1","1.00","688975.00","INDOOR","True"
"AC060CS4FBH2SY","2","AC060CXAFBH1","1.00","1033050.00","OUTDOOR","False"
"AC060CS4FBH2SY","3","PC4NUFK1NW","1.00","104060.00","PANEL","False"
"AC060CS4FBH2SY","4","AR-EH05","1.00","13915.00","REMOTE","False"
"AC060CS4PBH2SY","1","AC060CN4PBH1","1.00","556975.00","INDOOR","True"
"AC060CS4PBH2SY","2","AC060CXAPBH1","1.00","835050.00","OUTDOOR","False"
"AC060CS4PBH2SY","3","PC4NUFK1NW","1.00","104060.00","PANEL","False"
"AC060CS4PBH2SY","4","AR-EH05","1.00","13915.00","REMOTE","False"
"AC060CS6PBH1SY","1","AC060CN6PBH1","1.00","616975.00","INDOOR","True"
"AC060CS6PBH1SY","2","AC060CXAPBH1","1.00","925050.00","OUTDOOR","False"
"AC060CS6PBH1SY","3","PC6NUNK1NW","1.00","104060.00","PANEL","False"
"AC060CS6PBH1SY","4","AR-EH05","1.00","13915.00","REMOTE","False"
"AC072BS4PBH7SY","1","AC072BN4PBH5","1.00","516975.00","INDOOR","True"
"AC072BS4PBH7SY","2","AC072BXAPBH5","1.00","775050.00","OUTDOOR","False"
"AC072BS4PBH7SY","3","PC4NUFK1NW","1.00","104060.00","PANEL","False"
"AC072BS4PBH7SY","4","AR-EH05","1.00","13915.00","REMOTE","False"
"AC072BSCPBH2SY","1","AC072BNCPBH1","1.00","565915.00","INDOOR","True"
"AC072BSCPBH2SY","2","AC072BXAPBH5","1.00","850170.00","OUTDOOR","False"
"AC072BSCPBH2SY","3","AR-EH05","1.00","13915.00","REMOTE","False"
"AC072CS1DBC1SY","1","AC072CN1DBC1","1.00","409580.00","INDOOR","True"
"AC072CS1DBC1SY","2","AC072CX1DBC1","1.00","615840.00","OUTDOOR","False"
"AC072CS1DBC1SY","3","PC1BWSK3NW","1.00","118580.00","PANEL","False"
"AC072CS1DBC1SY","4","AR-EC05","1.00","16000.00","REMOTE","False"
"AC072CS4DBC1SY","1","AC072CN4DBC1","1.00","463060.00","INDOOR","True"
"AC072CS4DBC1SY","2","AC072CXADBC1","1.00","696880.00","OUTDOOR","False"
"AC072CS4DBC1SY","3","PC4NUFK1NW","1.00","104060.00","PANEL","False"
"AC072CS4DBC1SY","4","AR-EC05","1.00","16000.00","REMOTE","False"
"AC072CS4FBH2SY","1","AC072CN4FBH1","1.00","780975.00","INDOOR","True"
"AC072CS4FBH2SY","2","AC072CXAFBH1","1.00","1171050.00","OUTDOOR","False"
"AC072CS4FBH2SY","3","PC4NUFK1NW","1.00","104060.00","PANEL","False"
"AC072CS4FBH2SY","4","AR-EH05","1.00","13915.00","REMOTE","False"
"AC072CS4PBH2SY","1","AC072CN4PBH1","1.00","620975.00","INDOOR","True"
"AC072CS4PBH2SY","2","AC072CXAPBH1","1.00","931050.00","OUTDOOR","False"
"AC072CS4PBH2SY","3","PC4NUFK1NW","1.00","104060.00","PANEL","False"
"AC072CS4PBH2SY","4","AR-EH05","1.00","13915.00","REMOTE","False"
"AC072CS6PBH1SY","1","AC072CN6PBH1","1.00","688975.00","INDOOR","True"
"AC072CS6PBH1SY","2","AC072CXAPBH1","1.00","1033050.00","OUTDOOR","False"
"AC072CS6PBH1SY","3","PC6NUNK1NW","1.00","104060.00","PANEL","False"
"AC072CS6PBH1SY","4","AR-EH05","1.00","13915.00","REMOTE","False"
"AC083CS4DBC1SY","1","AC083CN4DBC1","1.00","527060.00","INDOOR","True"
"AC083CS4DBC1SY","2","AC083CXADBC1","1.00","792880.00","OUTDOOR","False"
"AC083CS4DBC1SY","3","PC4NUFK1NW","1.00","104060.00","PANEL","False"
"AC083CS4DBC1SY","4","AR-EC05","1.00","16000.00","REMOTE","False"
"AC090BS4PBH7SY","1","AC090BN4PBH1","1.00","572975.00","INDOOR","True"
"AC090BS4PBH7SY","2","AC090BXAPBH3","1.00","859050.00","OUTDOOR","False"
"AC090BS4PBH7SY","3","PC4NUFK1NW","1.00","104060.00","PANEL","False"
"AC090BS4PBH7SY","4","AR-EH05","1.00","13915.00","REMOTE","False"
"AC090BSCPBH2SY","1","AC090BNCPBH1","1.00","589915.00","INDOOR","True"
"AC090BSCPBH2SY","2","AC090BXAPBH3","1.00","886170.00","OUTDOOR","False"
"AC090BSCPBH2SY","3","AR-EH05","1.00","13915.00","REMOTE","False"
"AC090CS4FBH2SY","1","AC090CN4FBH1","1.00","904975.00","INDOOR","True"
"AC090CS4FBH2SY","2","AC090CXAFBH1","1.00","1357050.00","OUTDOOR","False"
"AC090CS4FBH2SY","3","PC4NUFK1NW","1.00","104060.00","PANEL","False"
"AC090CS4FBH2SY","4","AR-EH05","1.00","13915.00","REMOTE","False"
"AC090CS4PBH2SY","1","AC090CN4PBH1","1.00","692975.00","INDOOR","True"
"AC090CS4PBH2SY","2","AC090CXAPBH1","1.00","1039050.00","OUTDOOR","False"
"AC090CS4PBH2SY","3","PC4NUFK1NW","1.00","104060.00","PANEL","False"
"AC090CS4PBH2SY","4","AR-EH05","1.00","13915.00","REMOTE","False"
"AC090CS6PBH1SY","1","AC090CN6PBH1","1.00","764975.00","INDOOR","True"
"AC090CS6PBH1SY","2","AC090CXAPBH1","1.00","1147050.00","OUTDOOR","False"
"AC090CS6PBH1SY","3","PC6NUNK1NW","1.00","104060.00","PANEL","False"
"AC090CS6PBH1SY","4","AR-EH05","1.00","13915.00","REMOTE","False"
"AC100BS4PBH7SY","1","AC100BN4PBH1","1.00","612975.00","INDOOR","True"
"AC100BS4PBH7SY","2","AC100BXAPBH3","1.00","919050.00","OUTDOOR","False"
"AC100BS4PBH7SY","3","PC4NUFK1NW","1.00","104060.00","PANEL","False"
"AC100BS4PBH7SY","4","AR-EH05","1.00","13915.00","REMOTE","False"
"AC100BS4PHH7SY","1","AC100BN4PBH1","1.00","612975.00","INDOOR","True"
"AC100BS4PHH7SY","2","AC100BXAPHH3","1.00","919050.00","OUTDOOR","False"
"AC100BS4PHH7SY","3","PC4NUFK1NW","1.00","104060.00","PANEL","False"
"AC100BS4PHH7SY","4","AR-EH05","1.00","13915.00","REMOTE","False"
"AC100CS4DBC1SY","1","AC100CN4DBC1","1.00","563060.00","INDOOR","True"
"AC100CS4DBC1SY","2","AC100CXADBC1","1.00","846880.00","OUTDOOR","False"
"AC100CS4DBC1SY","3","PC4NUFK1NW","1.00","104060.00","PANEL","False"
"AC100CS4DBC1SY","4","AR-EC05","1.00","16000.00","REMOTE","False"
"AC100CS4FBH2SY","1","AC100CN4FBH1","1.00","980975.00","INDOOR","True"
"AC100CS4FBH2SY","2","AC100CXAFBH1","1.00","1471050.00","OUTDOOR","False"
"AC100CS4FBH2SY","3","PC4NUFK1NW","1.00","104060.00","PANEL","False"
"AC100CS4FBH2SY","4","AR-EH05","1.00","13915.00","REMOTE","False"
"AC100CS4FHH2SY","1","AC100CN4FBH1","1.00","980975.00","INDOOR","True"
"AC100CS4FHH2SY","2","AC100CXAFHH1","1.00","1471050.00","OUTDOOR","False"
"AC100CS4FHH2SY","3","PC4NUFK1NW","1.00","104060.00","PANEL","False"
"AC100CS4FHH2SY","4","AR-EH05","1.00","13915.00","REMOTE","False"
"AC100CS4PBH2SY","1","AC100CN4PBH1","1.00","756975.00","INDOOR","True"
"AC100CS4PBH2SY","2","AC100CXAPBH1","1.00","1135050.00","OUTDOOR","False"
"AC100CS4PBH2SY","3","PC4NUFK1NW","1.00","104060.00","PANEL","False"
"AC100CS4PBH2SY","4","AR-EH05","1.00","13915.00","REMOTE","False"
"AC100CS4PHH2SY","1","AC100CN4PHH1","1.00","756975.00","INDOOR","True"
"AC100CS4PHH2SY","2","AC100CXAPHH1","1.00","1135050.00","OUTDOOR","False"
"AC100CS4PHH2SY","3","PC4NUFK1NW","1.00","104060.00","PANEL","False"
"AC100CS4PHH2SY","4","AR-EH05","1.00","13915.00","REMOTE","False"
"AC100CS6PBH1SY","1","AC100CN6PBH1","1.00","828975.00","INDOOR","True"
"AC100CS6PBH1SY","2","AC100CXAPBH1","1.00","1243050.00","OUTDOOR","False"
"AC100CS6PBH1SY","3","PC6NUNK1NW","1.00","104060.00","PANEL","False"
"AC100CS6PBH1SY","4","AR-EH05","1.00","13915.00","REMOTE","False"
"AC100CS6PHH1SY","1","AC100CN6PBH1","1.00","828975.00","INDOOR","True"
"AC100CS6PHH1SY","2","AC100CXAPHH1","1.00","1243050.00","OUTDOOR","False"
"AC100CS6PHH1SY","3","PC6NUNK1NW","1.00","104060.00","PANEL","False"
"AC100CS6PHH1SY","4","AR-EH05","1.00","13915.00","REMOTE","False"
"AC110BS4PBH7SY","1","AC110BN4PBH1","1.00","628975.00","INDOOR","True"
"AC110BS4PBH7SY","2","AC110BXAPBH3","1.00","943050.00","OUTDOOR","False"
"AC110BS4PBH7SY","3","PC4NUFK1NW","1.00","104060.00","PANEL","False"
"AC110BS4PBH7SY","4","AR-EH05","1.00","13915.00","REMOTE","False"
"AC110BS4PHH7SY","1","AC110BN4PBH1","1.00","628975.00","INDOOR","True"
"AC110BS4PHH7SY","2","AC110BXAPHH3","1.00","943050.00","OUTDOOR","False"
"AC110BS4PHH7SY","3","PC4NUFK1NW","1.00","104060.00","PANEL","False"
"AC110BS4PHH7SY","4","AR-EH05","1.00","13915.00","REMOTE","False"
"AC110CAMDBH1SY","1","AC110CNMDHH1","1.00","893375.00","INDOOR","True"
"AC110CAMDBH1SY","2","AC110BXADBH1","1.00","1341250.00","OUTDOOR","False"
"AC110CAMDBH1SY","3","AWR-WE13N","1.00","45375.00","REMOTE","False"
"AC110CAMDHH1SY","1","AC110CNMDHH1","1.00","893375.00","INDOOR","True"
"AC110CAMDHH1SY","2","AC110BXADHH1","1.00","1341250.00","OUTDOOR","False"
"AC110CAMDHH1SY","3","AWR-WE13N","1.00","45375.00","REMOTE","False"
"AC110CS4DBC1SY","1","AC110CN4DBC1","1.00","647060.00","INDOOR","True"
"AC110CS4DBC1SY","2","AC110CXADBC1","1.00","972880.00","OUTDOOR","False"
"AC110CS4DBC1SY","3","PC4NUFK1NW","1.00","104060.00","PANEL","False"
"AC110CS4DBC1SY","4","AR-EC05","1.00","16000.00","REMOTE","False"
"AC110CS4FBH2SY","1","AC110CN4FBH1","1.00","1024975.00","INDOOR","True"
"AC110CS4FBH2SY","2","AC110CXAFBH1","1.00","1537050.00","OUTDOOR","False"
"AC110CS4FBH2SY","3","PC4NUFK1NW","1.00","104060.00","PANEL","False"
"AC110CS4FBH2SY","4","AR-EH05","1.00","13915.00","REMOTE","False"
"AC110CS4FHH2SY","1","AC110CN4FBH1","1.00","1024975.00","INDOOR","True"
"AC110CS4FHH2SY","2","AC110CXAFHH1","1.00","1537050.00","OUTDOOR","False"
"AC110CS4FHH2SY","3","PC4NUFK1NW","1.00","104060.00","PANEL","False"
"AC110CS4FHH2SY","4","AR-EH05","1.00","13915.00","REMOTE","False"
"AC110CS4PBH2SY","1","AC110CN4PBH1","1.00","804975.00","INDOOR","True"
"AC110CS4PBH2SY","2","AC110CXAPBH1","1.00","1207050.00","OUTDOOR","False"
"AC110CS4PBH2SY","3","PC4NUFK1NW","1.00","104060.00","PANEL","False"
"AC110CS4PBH2SY","4","AR-EH05","1.00","13915.00","REMOTE","False"
"AC110CS4PHH2SY","1","AC110CN4PBH1","1.00","804975.00","INDOOR","True"
"AC110CS4PHH2SY","2","AC110CXAPHH1","1.00","1207050.00","OUTDOOR","False"
"AC110CS4PHH2SY","3","PC4NUFK1NW","1.00","104060.00","PANEL","False"
"AC110CS4PHH2SY","4","AR-EH05","1.00","13915.00","REMOTE","False"
"AC110CS6PBH1SY","1","AC110CN6PBH1","1.00","884975.00","INDOOR","True"
"AC110CS6PBH1SY","2","AC110CXAPBH1","1.00","1327050.00","OUTDOOR","False"
"AC110CS6PBH1SY","3","PC6NUNK1NW","1.00","104060.00","PANEL","False"
"AC110CS6PBH1SY","4","AR-EH05","1.00","13915.00","REMOTE","False"
"AC110CS6PHH1SY","1","AC110CN6PBH1","1.00","884975.00","INDOOR","True"
"AC110CS6PHH1SY","2","AC110CXAPHH1","1.00","1327050.00","OUTDOOR","False"
"AC110CS6PHH1SY","3","PC6NUNK1NW","1.00","104060.00","PANEL","False"
"AC110CS6PHH1SY","4","AR-EH05","1.00","13915.00","REMOTE","False"
"AC130BS4PBH7SY","1","AC130BN4PBH1","1.00","680975.00","INDOOR","True"
"AC130BS4PBH7SY","2","AC130BXAPBH3","1.00","1021050.00","OUTDOOR","False"
"AC130BS4PBH7SY","3","PC4NUFK1NW","1.00","104060.00","PANEL","False"
"AC130BS4PBH7SY","4","AR-EH05","1.00","13915.00","REMOTE","False"
"AC130BS4PHH7SY","1","AC130BN4PBH1","1.00","680975.00","INDOOR","True"
"AC130BS4PHH7SY","2","AC130BXAPHH3","1.00","1021050.00","OUTDOOR","False"
"AC130BS4PHH7SY","3","PC4NUFK1NW","1.00","104060.00","PANEL","False"
"AC130BS4PHH7SY","4","AR-EH05","1.00","13915.00","REMOTE","False"
"AC130BSCPHH2SY","1","AC130BNCPHH1","1.00","685915.00","INDOOR","True"
"AC130BSCPHH2SY","2","AC130BXAPHH3","1.00","1030170.00","OUTDOOR","False"
"AC130BSCPHH2SY","3","AR-EH05","1.00","13915.00","REMOTE","False"
"AC130CS4FBH2SY","1","AC130CN4FBH1","1.00","1120975.00","INDOOR","True"
"AC130CS4FBH2SY","2","AC130CXAFBH1","1.00","1681050.00","OUTDOOR","False"
"AC130CS4FBH2SY","3","PC4NUFK1NW","1.00","104060.00","PANEL","False"
"AC130CS4FBH2SY","4","AR-EH05","1.00","13915.00","REMOTE","False"
"AC130CS4FHH2SY","1","AC130CN4FBH1","1.00","1120975.00","INDOOR","True"
"AC130CS4FHH2SY","2","AC130CXAFHH1","1.00","1681050.00","OUTDOOR","False"
"AC130CS4FHH2SY","3","PC4NUFK1NW","1.00","104060.00","PANEL","False"
"AC130CS4FHH2SY","4","AR-EH05","1.00","13915.00","REMOTE","False"
"AC130CS4PBH2SY","1","AC130CN4PBH1","1.00","860975.00","INDOOR","True"
"AC130CS4PBH2SY","2","AC130CXAPBH1","1.00","1291050.00","OUTDOOR","False"
"AC130CS4PBH2SY","3","PC4NUFK1NW","1.00","104060.00","PANEL","False"
"AC130CS4PBH2SY","4","AR-EH05","1.00","13915.00","REMOTE","False"
"AC130CS4PHH2SY","1","AC130CN4PHH1","1.00","860975.00","INDOOR","True"
"AC130CS4PHH2SY","2","AC130CXAPHH1","1.00","1291050.00","OUTDOOR","False"
"AC130CS4PHH2SY","3","PC4NUFK1NW","1.00","104060.00","PANEL","False"
"AC130CS4PHH2SY","4","AR-EH05","1.00","13915.00","REMOTE","False"
"AC130CS6PBH1SY","1","AC130CN6PBH1","1.00","948975.00","INDOOR","True"
"AC130CS6PBH1SY","2","AC130CXAPBH1","1.00","1423050.00","OUTDOOR","False"
"AC130CS6PBH1SY","3","PC6NUNK1NW","1.00","104060.00","PANEL","False"
"AC130CS6PBH1SY","4","AR-EH05","1.00","13915.00","REMOTE","False"
"AC130CS6PHH1SY","1","AC130CN6PBH1","1.00","948975.00","INDOOR","True"
"AC130CS6PHH1SY","2","AC130CXAPHH1","1.00","1423050.00","OUTDOOR","False"
"AC130CS6PHH1SY","3","PC6NUNK1NW","1.00","104060.00","PANEL","False"
"AC130CS6PHH1SY","4","AR-EH05","1.00","13915.00","REMOTE","False"
"AC145BS4PHH7SY","1","AC145BN4PHH1","1.00","736975.00","INDOOR","True"
"AC145BS4PHH7SY","2","AC145BXAPHH5","1.00","1105050.00","OUTDOOR","False"
"AC145BS4PHH7SY","3","PC4NUFK1NW","1.00","104060.00","PANEL","False"
"AC145BS4PHH7SY","4","AR-EH05","1.00","13915.00","REMOTE","False"
"AC145BSCPHH2SY","1","AC145BNCPHH1","1.00","737915.00","INDOOR","True"
"AC145BSCPHH2SY","2","AC145BXAPHH5","1.00","1108170.00","OUTDOOR","False"
"AC145BSCPHH2SY","3","AR-EH05","1.00","13915.00","REMOTE","False"
"AC145CAMDHH1SY","1","AC145CNMDHH1","1.00","921375.00","INDOOR","True"
"AC145CAMDHH1SY","2","AC145BXADHH1","1.00","1383250.00","OUTDOOR","False"
"AC145CAMDHH1SY","3","AWR-WE13N","1.00","45375.00","REMOTE","False"
"AC145CS4DBC1SY","1","AC145CN4DBC1","1.00","747060.00","INDOOR","True"
"AC145CS4DBC1SY","2","AC145CXADBC1","1.00","1122880.00","OUTDOOR","False"
"AC145CS4DBC1SY","3","PC4NUFK1NW","1.00","104060.00","PANEL","False"
"AC145CS4DBC1SY","4","AR-EC05","1.00","16000.00","REMOTE","False"
"AC145CS4FHH2SY","1","AC145CN4FHH1","1.00","1168975.00","INDOOR","True"
"AC145CS4FHH2SY","2","AC145CXAFHH1","1.00","1753050.00","OUTDOOR","False"
"AC145CS4FHH2SY","3","PC4NUFK1NW","1.00","104060.00","PANEL","False"
"AC145CS4FHH2SY","4","AR-EH05","1.00","13915.00","REMOTE","False"
"AC145CS4PHH2SY","1","AC145CN4PHH1","1.00","884975.00","INDOOR","True"
"AC145CS4PHH2SY","2","AC145CXAPHH1","1.00","1327050.00","OUTDOOR","False"
"AC145CS4PHH2SY","3","PC4NUFK1NW","1.00","104060.00","PANEL","False"
"AC145CS4PHH2SY","4","AR-EH05","1.00","13915.00","REMOTE","False"
"AC145CS6PHH1SY","1","AC145CN6PHH1","1.00","928975.00","INDOOR","True"
"AC145CS6PHH1SY","2","AC145CXAPHH1","1.00","1393050.00","OUTDOOR","False"
"AC145CS6PHH1SY","3","PC6NUNK1NW","1.00","104060.00","PANEL","False"
"AC145CS6PHH1SY","4","AR-EH05","1.00","13915.00","REMOTE","False"
"AC160CS4DHH1SY","1","AC160CN4DHH1","1.00","1032975.00","INDOOR","True"
"AC160CS4DHH1SY","2","AC160CXADHH1","1.00","1549050.00","OUTDOOR","False"
"AC160CS4DHH1SY","3","PC4NUFK1NW","1.00","104060.00","PANEL","False"
"AC160CS4DHH1SY","4","AR-EH05","1.00","13915.00","REMOTE","False"
"AF17B6474GZRS","1","AF17B6474GZN","1.00","684000.00","INDOOR","True"
"AF17B6474GZRS","2","AF17B6470DCX","1.00","456000.00","OUTDOOR","False"
"AF17B6474GZRS","3","AR06A9170HNQ","1.00","180000.00","ACCESSORY","False"
"AF17B6474GZS","1","AF17B6474GZN","1.00","684000.00","INDOOR","True"
"AF17B6474GZS","2","AF17B6470DCX","1.00","456000.00","OUTDOOR","False"
"AF17B6474TZRS","1","AF17B6474TZN","1.00","684000.00","INDOOR","True"
"AF17B6474TZRS","2","AF17B6470DCX","1.00","456000.00","OUTDOOR","False"
"AF17B6474TZRS","3","AR06A9170HNQ","1.00","180000.00","ACCESSORY","False"
"AF17B6474TZS","1","AF17B6474TZN","1.00","684000.00","INDOOR","True"
"AF17B6474TZS","2","AF17B6470DCX","1.00","456000.00","OUTDOOR","False"
"AF17B6474WZRS","1","AF17B6474WZN","1.00","684000.00","INDOOR","True"
"AF17B6474WZRS","2","AF17B6470DCX","1.00","456000.00","OUTDOOR","False"
"AF17B6474WZRS","3","AR06A9170HNQ","1.00","180000.00","ACCESSORY","False"
"AF17B6474WZS","1","AF17B6474WZN","1.00","684000.00","INDOOR","True"
"AF17B6474WZS","2","AF17B6470DCX","1.00","456000.00","OUTDOOR","False"
"AF17B7538GZRS","1","AF17B7538GZN","1.00","882000.00","INDOOR","True"
"AF17B7538GZRS","2","AF17B7530DCX","1.00","588000.00","OUTDOOR","False"
"AF17B7538GZRS","3","AR06B9150HNQ","1.00","180000.00","ACCESSORY","False"
"AF17B7538GZS","1","AF17B7538GZN","1.00","810000.00","INDOOR","True"
"AF17B7538GZS","2","AF17B7530DCX","1.00","540000.00","OUTDOOR","False"
"AF17B7538TZRS","1","AF17B7538TZN","1.00","882000.00","INDOOR","True"
"AF17B7538TZRS","2","AF17B7530DCX","1.00","588000.00","OUTDOOR","False"
"AF17B7538TZRS","3","AR06B9150HNQ","1.00","180000.00","ACCESSORY","False"
"AF17B7538TZS","1","AF17B7538TZN","1.00","858000.00","INDOOR","True"
"AF17B7538TZS","2","AF17B7530DCX","1.00","572000.00","OUTDOOR","False"
"AF17B7538WZRS","1","AF17B7538WZN","1.00","882000.00","INDOOR","True"
"AF17B7538WZRS","2","AF17B7530DCX","1.00","588000.00","OUTDOOR","False"
"AF17B7538WZRS","3","AR06B9150HNQ","1.00","180000.00","ACCESSORY","False"
"AF17B7538WZS","1","AF17B7538WZN","1.00","810000.00","INDOOR","True"
"AF17B7538WZS","2","AF17B7530DCX","1.00","540000.00","OUTDOOR","False"
"AF17DX738WSRS","1","AF17DX738WSN","1.00","1143000.00","INDOOR","True"
"AF17DX738WSRS","2","AF17DX730DCX","1.00","762000.00","OUTDOOR","False"
"AF17DX738WSRS","3","AR06D9151HNQ","1.00","250000.00","ACCESSORY","False"
"AF17DX738WSRS","4","AFR-TC9D","1.00","45000.00","REMOTE","False"
"AF17DX738WSS","1","AF17DX738WSN","1.00","1143000.00","INDOOR","True"
"AF17DX738WSS","2","AF17DX730DCX","1.00","762000.00","OUTDOOR","False"
"AF17DX738WSS","3","AFR-TC9D","1.00","45000.00","REMOTE","False"
"AF19B6474GZRS","1","AF19B6474GZN","1.00","720000.00","INDOOR","True"
"AF19B6474GZRS","2","AF19B6470DBX","1.00","480000.00","OUTDOOR","False"
"AF19B6474GZRS","3","AR06A9170HNQ","1.00","180000.00","ACCESSORY","False"
"AF19B6474GZS","1","AF19B6474GZN","1.00","720000.00","INDOOR","True"
"AF19B6474GZS","2","AF19B6470DBX","1.00","480000.00","OUTDOOR","False"
"AF19B6474TZRS","1","AF19B6474TZN","1.00","762000.00","INDOOR","True"
"AF19B6474TZRS","2","AF19B6470DBX","1.00","508000.00","OUTDOOR","False"
"AF19B6474TZRS","3","AR06A9170HNQ","1.00","180000.00","ACCESSORY","False"
"AF19B6474TZS","1","AF19B6474TZN","1.00","762000.00","INDOOR","True"
"AF19B6474TZS","2","AF19B6470DBX","1.00","508000.00","OUTDOOR","False"
"AF19B6474WZRS","1","AF19B6474WZN","1.00","762000.00","INDOOR","True"
"AF19B6474WZRS","2","AF19B6470DBX","1.00","508000.00","OUTDOOR","False"
"AF19B6474WZRS","3","AR06A9170HNQ","1.00","180000.00","ACCESSORY","False"
"AF19B6474WZS","1","AF19B6474WZN","1.00","720000.00","INDOOR","True"
"AF19B6474WZS","2","AF19B6470DBX","1.00","480000.00","OUTDOOR","False"
"AF19B7534GZRS","1","AF19B7534GZN","1.00","972000.00","INDOOR","True"
"AF19B7534GZRS","2","AF19B7530DBX","1.00","648000.00","OUTDOOR","False"
"AF19B7534GZRS","3","AR06B9150HNQ","1.00","180000.00","ACCESSORY","False"
"AF19B7534GZS","1","AF19B7534GZN","1.00","960000.00","INDOOR","True"
"AF19B7534GZS","2","AF19B7530DBX","1.00","640000.00","OUTDOOR","False"
"AF19B7534TZRS","1","AF19B7534TZN","1.00","972000.00","INDOOR","True"
"AF19B7534TZRS","2","AF19B7530DBX","1.00","648000.00","OUTDOOR","False"
"AF19B7534TZRS","3","AR06B9150HNQ","1.00","180000.00","ACCESSORY","False"
"AF19B7534TZS","1","AF19B7534TZN","1.00","960000.00","INDOOR","True"
"AF19B7534TZS","2","AF19B7530DBX","1.00","640000.00","OUTDOOR","False"
"AF19B7534WZRS","1","AF19B7534WZN","1.00","972000.00","INDOOR","True"
"AF19B7534WZRS","2","AF19B7530DBX","1.00","648000.00","OUTDOOR","False"
"AF19B7534WZRS","3","AR06B9150HNQ","1.00","180000.00","ACCESSORY","False"
"AF19B7534WZS","1","AF19B7534WZN","1.00","960000.00","INDOOR","True"
"AF19B7534WZS","2","AF19B7530DBX","1.00","640000.00","OUTDOOR","False"
"AF19DX838VSRS","1","AF19DX838VSN","1.00","1203000.00","INDOOR","True"
"AF19DX838VSRS","2","AF19DX830DBX","1.00","802000.00","OUTDOOR","False"
"AF19DX838VSRS","3","AR06D9151HNQ","1.00","250000.00","ACCESSORY","False"
"AF19DX838VSRS","4","AFR-TC9D","1.00","45000.00","REMOTE","False"
"AF19DX838VSS","1","AF19DX838VSN","1.00","1203000.00","INDOOR","True"
"AF19DX838VSS","2","AF19DX830DBX","1.00","802000.00","OUTDOOR","False"
"AF19DX838VSS","3","AFR-TC9D","1.00","45000.00","REMOTE","False"
"AF19DX838WSRS","1","AF19DX838WSN","1.00","1203000.00","INDOOR","True"
"AF19DX838WSRS","2","AF19DX830DBX","1.00","802000.00","OUTDOOR","False"
"AF19DX838WSRS","3","AR06D9151HNQ","1.00","250000.00","ACCESSORY","False"
"AF19DX838WSRS","4","AFR-TC9D","1.00","45000.00","REMOTE","False"
"AF19DX838WSS","1","AF19DX838WSN","1.00","1203000.00","INDOOR","True"
"AF19DX838WSS","2","AF19DX830DBX","1.00","802000.00","OUTDOOR","False"
"AF19DX838WSS","3","AFR-TC9D","1.00","45000.00","REMOTE","False"
"AF60F17D11BRS","1","AF60F17D11BN","1.00","649000.00","INDOOR","True"
"AF60F17D11BRS","2","AF60F17D1QBX","1.00","433000.00","OUTDOOR","False"
"AF60F17D11BRS","3","AR60F06D1A0Q","1.00","200000.00","ACCESSORY","False"
"AF60F17D11BRS","4","AFR-QC3F","1.00","34000.00","REMOTE","False"
"AF60F17D11BRS","5","ARR-WK8F","1.00","34000.00","REMOTE","False"
"AF60F17D11BS","1","AF60F17D11BN","1.00","670000.00","INDOOR","True"
"AF60F17D11BS","2","AF60F17D1QBX","1.00","446000.00","OUTDOOR","False"
"AF60F17D11BS","3","AFR-QC3F","1.00","34000.00","REMOTE","False"
"AF60F17D11GRS","1","AF60F17D11GN","1.00","649000.00","INDOOR","True"
"AF60F17D11GRS","2","AF60F17D1QBX","1.00","433000.00","OUTDOOR","False"
"AF60F17D11GRS","3","AR60F06D1A0Q","1.00","200000.00","ACCESSORY","False"
"AF60F17D11GRS","4","AFR-QC3F","1.00","34000.00","REMOTE","False"
"AF60F17D11GRS","5","ARR-WK8F","1.00","34000.00","REMOTE","False"
"AF60F17D11GS","1","AF60F17D11GN","1.00","670000.00","INDOOR","True"
"AF60F17D11GS","2","AF60F17D1QBX","1.00","446000.00","OUTDOOR","False"
"AF60F17D11GS","3","AFR-QC3F","1.00","34000.00","REMOTE","False"
"AF60F17D11LRS","1","AF60F17D11LN","1.00","649000.00","INDOOR","True"
"AF60F17D11LRS","2","AF60F17D1QBX","1.00","433000.00","OUTDOOR","False"
"AF60F17D11LRS","3","AR60F06D1A0Q","1.00","200000.00","ACCESSORY","False"
"AF60F17D11LRS","4","AFR-QC3F","1.00","34000.00","REMOTE","False"
"AF60F17D11LRS","5","ARR-WK8F","1.00","34000.00","REMOTE","False"
"AF60F17D11LS","1","AF60F17D11LN","1.00","670000.00","INDOOR","True"
"AF60F17D11LS","2","AF60F17D1QBX","1.00","446000.00","OUTDOOR","False"
"AF60F17D11LS","3","AFR-QC3F","1.00","34000.00","REMOTE","False"
"AF60F17D11WRS","1","AF60F17D11WN","1.00","649000.00","INDOOR","True"
"AF60F17D11WRS","2","AF60F17D1QBX","1.00","433000.00","OUTDOOR","False"
"AF60F17D11WRS","3","AR60F06D1A0Q","1.00","200000.00","ACCESSORY","False"
"AF60F17D11WRS","4","AFR-QC3F","1.00","34000.00","REMOTE","False"
"AF60F17D11WRS","5","ARR-WK8F","1.00","34000.00","REMOTE","False"
"AF60F17D11WS","1","AF60F17D11WN","1.00","670000.00","INDOOR","True"
"AF60F17D11WS","2","AF60F17D1QBX","1.00","446000.00","OUTDOOR","False"
"AF60F17D11WS","3","AFR-QC3F","1.00","34000.00","REMOTE","False"
"AF60F19D11BRS","1","AF60F19D11BN","1.00","721000.00","INDOOR","True"
"AF60F19D11BRS","2","AF60F19D1PBX","1.00","481000.00","OUTDOOR","False"
"AF60F19D11BRS","3","AR60F06D1A0Q","1.00","200000.00","ACCESSORY","False"
"AF60F19D11BRS","4","AFR-QC3F","1.00","34000.00","REMOTE","False"
"AF60F19D11BRS","5","ARR-WK8F","1.00","34000.00","REMOTE","False"
"AF60F19D11BS","1","AF60F19D11BN","1.00","742000.00","INDOOR","True"
"AF60F19D11BS","2","AF60F19D1PBX","1.00","494000.00","OUTDOOR","False"
"AF60F19D11BS","3","AFR-QC3F","1.00","34000.00","REMOTE","False"
"AF60F19D11GRS","1","AF60F19D11GN","1.00","721000.00","INDOOR","True"
"AF60F19D11GRS","2","AF60F19D1PBX","1.00","481000.00","OUTDOOR","False"
"AF60F19D11GRS","3","AR60F06D1A0Q","1.00","200000.00","ACCESSORY","False"
"AF60F19D11GRS","4","AFR-QC3F","1.00","34000.00","REMOTE","False"
"AF60F19D11GRS","5","ARR-WK8F","1.00","34000.00","REMOTE","False"
"AF60F19D11GS","1","AF60F19D11GN","1.00","742000.00","INDOOR","True"
"AF60F19D11GS","2","AF60F19D1PBX","1.00","494000.00","OUTDOOR","False"
"AF60F19D11GS","3","AFR-QC3F","1.00","34000.00","REMOTE","False"
"AF60F19D11LRS","1","AF60F19D11LN","1.00","709000.00","INDOOR","True"
"AF60F19D11LRS","2","AF60F19D1PBX","1.00","473000.00","OUTDOOR","False"
"AF60F19D11LRS","3","AR60F06D1A0Q","1.00","200000.00","ACCESSORY","False"
"AF60F19D11LRS","4","AFR-QC3F","1.00","34000.00","REMOTE","False"
"AF60F19D11LRS","5","ARR-WK8F","1.00","34000.00","REMOTE","False"
"AF60F19D11LS","1","AF60F19D11LN","1.00","730000.00","INDOOR","True"
"AF60F19D11LS","2","AF60F19D1PBX","1.00","486000.00","OUTDOOR","False"
"AF60F19D11LS","3","AFR-QC3F","1.00","34000.00","REMOTE","False"
"AF60F19D11WRS","1","AF60F19D11WN","1.00","721000.00","INDOOR","True"
"AF60F19D11WRS","2","AF60F19D1PBX","1.00","481000.00","OUTDOOR","False"
"AF60F19D11WRS","3","AR60F06D1A0Q","1.00","200000.00","ACCESSORY","False"
"AF60F19D11WRS","4","AFR-QC3F","1.00","34000.00","REMOTE","False"
"AF60F19D11WRS","5","ARR-WK8F","1.00","34000.00","REMOTE","False"
"AF60F19D11WS","1","AF60F19D11WN","1.00","742000.00","INDOOR","True"
"AF60F19D11WS","2","AF60F19D1PBX","1.00","494000.00","OUTDOOR","False"
"AF60F19D11WS","3","AFR-QC3F","1.00","34000.00","REMOTE","False"
"AF70F17D11BRS","1","AF70F17D11BN","1.00","829000.00","INDOOR","True"
"AF70F17D11BRS","2","AF70F17D1QBX","1.00","553000.00","OUTDOOR","False"
"AF70F17D11BRS","3","AR60F06D1A0Q","1.00","200000.00","ACCESSORY","False"
"AF70F17D11BRS","4","AFR-BC3F","1.00","34000.00","REMOTE","False"
"AF70F17D11BRS","5","ARR-WK8F","1.00","34000.00","REMOTE","False"
"AF70F17D11BS","1","AF70F17D11BN","1.00","850000.00","INDOOR","True"
"AF70F17D11BS","2","AF70F17D1QBX","1.00","566000.00","OUTDOOR","False"
"AF70F17D11BS","3","AFR-BC3F","1.00","34000.00","REMOTE","False"
"AF70F17D11GRS","1","AF70F17D11GN","1.00","829000.00","INDOOR","True"
"AF70F17D11GRS","2","AF70F17D1QBX","1.00","553000.00","OUTDOOR","False"
"AF70F17D11GRS","3","AR60F06D1A0Q","1.00","200000.00","ACCESSORY","False"
"AF70F17D11GRS","4","AFR-BC3F","1.00","34000.00","REMOTE","False"
"AF70F17D11GRS","5","ARR-WK8F","1.00","34000.00","REMOTE","False"
"AF70F17D11GS","1","AF70F17D11GN","1.00","850000.00","INDOOR","True"
"AF70F17D11GS","2","AF70F17D1QBX","1.00","566000.00","OUTDOOR","False"
"AF70F17D11GS","3","AFR-BC3F","1.00","34000.00","REMOTE","False"
"AF70F17D11LRS","1","AF70F17D11LN","1.00","829000.00","INDOOR","True"
"AF70F17D11LRS","2","AF70F17D1QBX","1.00","553000.00","OUTDOOR","False"
"AF70F17D11LRS","3","AR60F06D1A0Q","1.00","200000.00","ACCESSORY","False"
"AF70F17D11LRS","4","AFR-BC3F","1.00","34000.00","REMOTE","False"
"AF70F17D11LRS","5","ARR-WK8F","1.00","34000.00","REMOTE","False"
"AF70F17D11LS","1","AF70F17D11LN","1.00","850000.00","INDOOR","True"
"AF70F17D11LS","2","AF70F17D1QBX","1.00","566000.00","OUTDOOR","False"
"AF70F17D11LS","3","AFR-BC3F","1.00","34000.00","REMOTE","False"
"AF70F17D11WRS","1","AF70F17D11WN","1.00","829000.00","INDOOR","True"
"AF70F17D11WRS","2","AF70F17D1QBX","1.00","553000.00","OUTDOOR","False"
"AF70F17D11WRS","3","AR60F06D1A0Q","1.00","200000.00","ACCESSORY","False"
"AF70F17D11WRS","4","AFR-BC3F","1.00","34000.00","REMOTE","False"
"AF70F17D11WRS","5","ARR-WK8F","1.00","34000.00","REMOTE","False"
"AF70F17D11WS","1","AF70F17D11WN","1.00","850000.00","INDOOR","True"
"AF70F17D11WS","2","AF70F17D1QBX","1.00","566000.00","OUTDOOR","False"
"AF70F17D11WS","3","AFR-BC3F","1.00","34000.00","REMOTE","False"
"AF70F17D24ERS","1","AF70F17D24EN","1.00","1009000.00","INDOOR","True"
"AF70F17D24ERS","2","AF70F17D2QBX","1.00","673000.00","OUTDOOR","False"
"AF70F17D24ERS","3","AR60F06D1A0Q","1.00","200000.00","ACCESSORY","False"
"AF70F17D24ERS","4","AFR-BC9F","1.00","34000.00","REMOTE","False"
"AF70F17D24ERS","5","ARR-WK8F","1.00","34000.00","REMOTE","False"
"AF70F17D24ES","1","AF70F17D24EN","1.00","1042000.00","INDOOR","True"
"AF70F17D24ES","2","AF70F17D2QBX","1.00","694000.00","OUTDOOR","False"
"AF70F17D24ES","3","AFR-BC9F","1.00","34000.00","REMOTE","False"
"AF70F17D24IRS","1","AF70F17D24IN","1.00","1009000.00","INDOOR","True"
"AF70F17D24IRS","2","AF70F17D2QBX","1.00","673000.00","OUTDOOR","False"
"AF70F17D24IRS","3","AR60F06D1A0Q","1.00","200000.00","ACCESSORY","False"
"AF70F17D24IRS","4","AFR-BC9F","1.00","34000.00","REMOTE","False"
"AF70F17D24IRS","5","ARR-WK8F","1.00","34000.00","REMOTE","False"
"AF70F17D24IS","1","AF70F17D24IN","1.00","1042000.00","INDOOR","True"
"AF70F17D24IS","2","AF70F17D2QBX","1.00","694000.00","OUTDOOR","False"
"AF70F17D24IS","3","AFR-BC9F","1.00","34000.00","REMOTE","False"
"AF70F17D24LRS","1","AF70F17D24LN","1.00","1033000.00","INDOOR","True"
"AF70F17D24LRS","2","AF70F17D2QBX","1.00","689000.00","OUTDOOR","False"
"AF70F17D24LRS","3","AR60F06D1A0Q","1.00","200000.00","ACCESSORY","False"
"AF70F17D24LRS","4","AFR-BC9F","1.00","34000.00","REMOTE","False"
"AF70F17D24LRS","5","ARR-WK8F","1.00","34000.00","REMOTE","False"
"AF70F17D24LS","1","AF70F17D24LN","1.00","1066000.00","INDOOR","True"
"AF70F17D24LS","2","AF70F17D2QBX","1.00","710000.00","OUTDOOR","False"
"AF70F17D24LS","3","AFR-BC9F","1.00","34000.00","REMOTE","False"
"AF70F17D24WRS","1","AF70F17D24WN","1.00","1033000.00","INDOOR","True"
"AF70F17D24WRS","2","AF70F17D2QBX","1.00","689000.00","OUTDOOR","False"
"AF70F17D24WRS","3","AR60F06D1A0Q","1.00","200000.00","ACCESSORY","False"
"AF70F17D24WRS","4","AFR-BC9F","1.00","34000.00","REMOTE","False"
"AF70F17D24WRS","5","ARR-WK8F","1.00","34000.00","REMOTE","False"
"AF70F17D24WS","1","AF70F17D24WN","1.00","1066000.00","INDOOR","True"
"AF70F17D24WS","2","AF70F17D2QBX","1.00","710000.00","OUTDOOR","False"
"AF70F17D24WS","3","AFR-BC9F","1.00","34000.00","REMOTE","False"
"AF70F17D25BRS","1","AF70F17D25BN","1.00","1117000.00","INDOOR","True"
"AF70F17D25BRS","2","AF70F17D2QBX","1.00","745000.00","OUTDOOR","False"
"AF70F17D25BRS","3","AR60F06D1A0Q","1.00","200000.00","ACCESSORY","False"
"AF70F17D25BRS","4","AFR-BC9F","1.00","34000.00","REMOTE","False"
"AF70F17D25BRS","5","ARR-WK8F","1.00","34000.00","REMOTE","False"
"AF70F17D25BS","1","AF70F17D25BN","1.00","1150000.00","INDOOR","True"
"AF70F17D25BS","2","AF70F17D2QBX","1.00","766000.00","OUTDOOR","False"
"AF70F17D25BS","3","AFR-BC9F","1.00","34000.00","REMOTE","False"
"AF70F17D25WRS","1","AF70F17D25WN","1.00","1117000.00","INDOOR","True"
"AF70F17D25WRS","2","AF70F17D2QBX","1.00","745000.00","OUTDOOR","False"
"AF70F17D25WRS","3","AR60F06D1A0Q","1.00","200000.00","ACCESSORY","False"
"AF70F17D25WRS","4","AFR-BC9F","1.00","34000.00","REMOTE","False"
"AF70F17D25WRS","5","ARR-WK8F","1.00","34000.00","REMOTE","False"
"AF70F17D25WS","1","AF70F17D25WN","1.00","1150000.00","INDOOR","True"
"AF70F17D25WS","2","AF70F17D2QBX","1.00","766000.00","OUTDOOR","False"
"AF70F17D25WS","3","AFR-BC9F","1.00","34000.00","REMOTE","False"
"AF70F19D11BRS","1","AF70F19D11BN","1.00","919000.00","INDOOR","True"
"AF70F19D11BRS","2","AF70F19D1PBX","1.00","613000.00","OUTDOOR","False"
"AF70F19D11BRS","3","AR60F06D1A0Q","1.00","200000.00","ACCESSORY","False"
"AF70F19D11BRS","4","AFR-BC3F","1.00","34000.00","REMOTE","False"
"AF70F19D11BRS","5","ARR-WK8F","1.00","34000.00","REMOTE","False"
"AF70F19D11BS","1","AF70F19D11BN","1.00","940000.00","INDOOR","True"
"AF70F19D11BS","2","AF70F19D1PBX","1.00","626000.00","OUTDOOR","False"
"AF70F19D11BS","3","AFR-BC3F","1.00","34000.00","REMOTE","False"
"AF70F19D11GRS","1","AF70F19D11GN","1.00","919000.00","INDOOR","True"
"AF70F19D11GRS","2","AF70F19D1PBX","1.00","613000.00","OUTDOOR","False"
"AF70F19D11GRS","3","AR60F06D1A0Q","1.00","200000.00","ACCESSORY","False"
"AF70F19D11GRS","4","AFR-BC3F","1.00","34000.00","REMOTE","False"
"AF70F19D11GRS","5","ARR-WK8F","1.00","34000.00","REMOTE","False"
"AF70F19D11GS","1","AF70F19D11GN","1.00","940000.00","INDOOR","True"
"AF70F19D11GS","2","AF70F19D1PBX","1.00","626000.00","OUTDOOR","False"
"AF70F19D11GS","3","AFR-BC3F","1.00","34000.00","REMOTE","False"
"AF70F19D11LRS","1","AF70F19D11LN","1.00","919000.00","INDOOR","True"
"AF70F19D11LRS","2","AF70F19D1PBX","1.00","613000.00","OUTDOOR","False"
"AF70F19D11LRS","3","AR60F06D1A0Q","1.00","200000.00","ACCESSORY","False"
"AF70F19D11LRS","4","AFR-BC3F","1.00","34000.00","REMOTE","False"
"AF70F19D11LRS","5","ARR-WK8F","1.00","34000.00","REMOTE","False"
"AF70F19D11LS","1","AF70F19D11LN","1.00","940000.00","INDOOR","True"
"AF70F19D11LS","2","AF70F19D1PBX","1.00","626000.00","OUTDOOR","False"
"AF70F19D11LS","3","AFR-BC3F","1.00","34000.00","REMOTE","False"
"AF70F19D11WRS","1","AF70F19D11WN","1.00","919000.00","INDOOR","True"
"AF70F19D11WRS","2","AF70F19D1PBX","1.00","613000.00","OUTDOOR","False"
"AF70F19D11WRS","3","AR60F06D1A0Q","1.00","200000.00","ACCESSORY","False"
"AF70F19D11WRS","4","AFR-BC3F","1.00","34000.00","REMOTE","False"
"AF70F19D11WRS","5","ARR-WK8F","1.00","34000.00","REMOTE","False"
"AF70F19D11WS","1","AF70F19D11WN","1.00","940000.00","INDOOR","True"
"AF70F19D11WS","2","AF70F19D1PBX","1.00","626000.00","OUTDOOR","False"
"AF70F19D11WS","3","AFR-BC3F","1.00","34000.00","REMOTE","False"
"AF70F19D24ERS","1","AF70F19D24EN","1.00","1099000.00","INDOOR","True"
"AF70F19D24ERS","2","AF70F19D2PBX","1.00","733000.00","OUTDOOR","False"
"AF70F19D24ERS","3","AR60F06D1A0Q","1.00","200000.00","ACCESSORY","False"
"AF70F19D24ERS","4","AFR-BC9F","1.00","34000.00","REMOTE","False"
"AF70F19D24ERS","5","ARR-WK8F","1.00","34000.00","REMOTE","False"
"AF70F19D24ES","1","AF70F19D24EN","1.00","1132000.00","INDOOR","True"
"AF70F19D24ES","2","AF70F19D2PBX","1.00","754000.00","OUTDOOR","False"
"AF70F19D24ES","3","AFR-BC9F","1.00","34000.00","REMOTE","False"
"AF70F19D24IRS","1","AF70F19D24IN","1.00","1099000.00","INDOOR","True"
"AF70F19D24IRS","2","AF70F19D2PBX","1.00","733000.00","OUTDOOR","False"
"AF70F19D24IRS","3","AR60F06D1A0Q","1.00","200000.00","ACCESSORY","False"
"AF70F19D24IRS","4","AFR-BC9F","1.00","34000.00","REMOTE","False"
"AF70F19D24IRS","5","ARR-WK8F","1.00","34000.00","REMOTE","False"
"AF70F19D24IS","1","AF70F19D24IN","1.00","1132000.00","INDOOR","True"
"AF70F19D24IS","2","AF70F19D2PBX","1.00","754000.00","OUTDOOR","False"
"AF70F19D24IS","3","AFR-BC9F","1.00","34000.00","REMOTE","False"
"AF70F19D24LRS","1","AF70F19D24LN","1.00","1117000.00","INDOOR","True"
"AF70F19D24LRS","2","AF70F19D2PBX","1.00","745000.00","OUTDOOR","False"
"AF70F19D24LRS","3","AR60F06D1A0Q","1.00","200000.00","ACCESSORY","False"
"AF70F19D24LRS","4","AFR-BC9F","1.00","34000.00","REMOTE","False"
"AF70F19D24LRS","5","ARR-WK8F","1.00","34000.00","REMOTE","False"
"AF70F19D24LS","1","AF70F19D24LN","1.00","1150000.00","INDOOR","True"
"AF70F19D24LS","2","AF70F19D2PBX","1.00","766000.00","OUTDOOR","False"
"AF70F19D24LS","3","AFR-BC9F","1.00","34000.00","REMOTE","False"
"AF70F19D24RRS","1","AF70F19D24RN","1.00","1117000.00","INDOOR","True"
"AF70F19D24RRS","2","AF70F19D2PBX","1.00","745000.00","OUTDOOR","False"
"AF70F19D24RRS","3","AR60F06D1A0Q","1.00","200000.00","ACCESSORY","False"
"AF70F19D24RRS","4","AFR-BC9F","1.00","34000.00","REMOTE","False"
"AF70F19D24RRS","5","ARR-WK8F","1.00","34000.00","REMOTE","False"
"AF70F19D24RS","1","AF70F19D24RN","1.00","1150000.00","INDOOR","True"
"AF70F19D24RS","2","AF70F19D2PBX","1.00","766000.00","OUTDOOR","False"
"AF70F19D24RS","3","AFR-BC9F","1.00","34000.00","REMOTE","False"
"AF70F19D25BRS","1","AF70F19D25BN","1.00","1207000.00","INDOOR","True"
"AF70F19D25BRS","2","AF70F19D2PBX","1.00","805000.00","OUTDOOR","False"
"AF70F19D25BRS","3","AR60F06D1A0Q","1.00","200000.00","ACCESSORY","False"
"AF70F19D25BRS","4","AFR-BC9F","1.00","34000.00","REMOTE","False"
"AF70F19D25BRS","5","ARR-WK8F","1.00","34000.00","REMOTE","False"
"AF70F19D25BS","1","AF70F19D25BN","1.00","1240000.00","INDOOR","True"
"AF70F19D25BS","2","AF70F19D2PBX","1.00","826000.00","OUTDOOR","False"
"AF70F19D25BS","3","AFR-BC9F","1.00","34000.00","REMOTE","False"
"AF70F19D25WRS","1","AF70F19D25WN","1.00","1207000.00","INDOOR","True"
"AF70F19D25WRS","2","AF70F19D2PBX","1.00","805000.00","OUTDOOR","False"
"AF70F19D25WRS","3","AR60F06D1A0Q","1.00","200000.00","ACCESSORY","False"
"AF70F19D25WRS","4","AFR-BC9F","1.00","34000.00","REMOTE","False"
"AF70F19D25WRS","5","ARR-WK8F","1.00","34000.00","REMOTE","False"
"AF70F19D25WS","1","AF70F19D25WN","1.00","1240000.00","INDOOR","True"
"AF70F19D25WS","2","AF70F19D2PBX","1.00","826000.00","OUTDOOR","False"
"AF70F19D25WS","3","AFR-BC9F","1.00","34000.00","REMOTE","False"
"AF80F18D27CRS","1","AF80F18D27CN","1.00","1504000.00","INDOOR","True"
"AF80F18D27CRS","2","AF80F18D21BX","1.00","1002000.00","OUTDOOR","False"
"AF80F18D27CRS","3","AR60F06D1A1Q","1.00","266000.00","ACCESSORY","False"
"AF80F18D27CRS","4","AFR-TC9F","1.00","34000.00","REMOTE","False"
"AF80F18D27CRS","5","ARR-WK8F","1.00","34000.00","REMOTE","False"
"AF80F18D27CS","1","AF80F18D27CN","1.00","1552000.00","INDOOR","True"
"AF80F18D27CS","2","AF80F18D21BX","1.00","1034000.00","OUTDOOR","False"
"AF80F18D27CS","3","AFR-TC9F","1.00","34000.00","REMOTE","False"
"AF80F18D28WRS","1","AF80F18D28WN","1.00","1688000.00","INDOOR","True"
"AF80F18D28WRS","2","AF80F18D21BX","1.00","1125000.00","OUTDOOR","False"
"AF80F18D28WRS","3","AR80F06D2A1Q","1.00","399000.00","ACCESSORY","False"
"AF80F18D28WRS","4","AFR-TC9F","1.00","34000.00","REMOTE","False"
"AF80F18D28WRS","5","ARR-PK8F","1.00","34000.00","REMOTE","False"
"AF80F18D28WS","1","AF80F18D28WN","1.00","1738000.00","INDOOR","True"
"AF80F18D28WS","2","AF80F18D21BX","1.00","1158000.00","OUTDOOR","False"
"AF80F18D28WS","3","AFR-TC9F","1.00","34000.00","REMOTE","False"
"AF80F20D27CRS","1","AF80F20D27CN","1.00","1750000.00","INDOOR","True"
"AF80F20D27CRS","2","AF80F20D2PBX","1.00","1166000.00","OUTDOOR","False"
"AF80F20D27CRS","3","AR60F06D1A1Q","1.00","266000.00","ACCESSORY","False"
"AF80F20D27CRS","4","AFR-TC9F","1.00","34000.00","REMOTE","False"
"AF80F20D27CRS","5","ARR-WK8F","1.00","34000.00","REMOTE","False"
"AF80F20D27CS","1","AF80F20D27CN","1.00","1798000.00","INDOOR","True"
"AF80F20D27CS","2","AF80F20D2PBX","1.00","1198000.00","OUTDOOR","False"
"AF80F20D27CS","3","AFR-TC9F","1.00","34000.00","REMOTE","False"
"AF80F20D28WRS","1","AF80F20D28WN","1.00","1934000.00","INDOOR","True"
"AF80F20D28WRS","2","AF80F20D2PBX","1.00","1289000.00","OUTDOOR","False"
"AF80F20D28WRS","3","AR80F06D2A1Q","1.00","399000.00","ACCESSORY","False"
"AF80F20D28WRS","4","AFR-TC9F","1.00","34000.00","REMOTE","False"
"AF80F20D28WRS","5","ARR-PK8F","1.00","34000.00","REMOTE","False"
"AF80F20D28WS","1","AF80F20D28WN","1.00","1984000.00","INDOOR","True"
"AF80F20D28WS","2","AF80F20D2PBX","1.00","1322000.00","OUTDOOR","False"
"AF80F20D28WS","3","AFR-TC9F","1.00","34000.00","REMOTE","False"
"AF80F25D28BRS","1","AF80F25D28BN","1.00","2600000.00","INDOOR","True"
"AF80F25D28BRS","2","AF80F25D2PBX","1.00","1733000.00","OUTDOOR","False"
"AF80F25D28BRS","3","AR80F06D2A1Q","1.00","399000.00","ACCESSORY","False"
"AF80F25D28BRS","4","AFR-TC9F","1.00","34000.00","REMOTE","False"
"AF80F25D28BRS","5","ARR-PK8F","1.00","34000.00","REMOTE","False"
"AF80F25D28BS","1","AF80F25D28BN","1.00","2650000.00","INDOOR","True"
"AF80F25D28BS","2","AF80F25D2PBX","1.00","1766000.00","OUTDOOR","False"
"AF80F25D28BS","3","AFR-TC9F","1.00","34000.00","REMOTE","False"
"AF80F25D29WRS","1","AF80F25D29WN","1.00","2774000.00","INDOOR","True"
"AF80F25D29WRS","2","AF80F25D2PBX","1.00","1849000.00","OUTDOOR","False"
"AF80F25D29WRS","3","AR80F06D2A1Q","1.00","399000.00","ACCESSORY","False"
"AF80F25D29WRS","4","AFR-TC9F","1.00","34000.00","REMOTE","False"
"AF80F25D29WRS","5","ARR-PK8F","1.00","34000.00","REMOTE","False"
"AF80F25D29WS","1","AF80F25D29WN","1.00","2824000.00","INDOOR","True"
"AF80F25D29WS","2","AF80F25D2PBX","1.00","1882000.00","OUTDOOR","False"
"AF80F25D29WS","3","AFR-TC9F","1.00","34000.00","REMOTE","False"
"AF90H17D24GRS","1","AF90H17D24GN","1.00","1334000.00","INDOOR","True"
"AF90H17D24GRS","2","AF90H17D0QBX","1.00","889000.00","OUTDOOR","False"
"AF90H17D24GRS","3","AR70H06D1A1Q","1.00","287000.00","ACCESSORY","False"
"AF90H17D24GS","1","AF90H17D24GN","1.00","1332000.00","INDOOR","True"
"AF90H17D24GS","2","AF90H17D0QBX","1.00","888000.00","OUTDOOR","False"
"AF90H17D24SRS","1","AF90H17D24SN","1.00","1334000.00","INDOOR","True"
"AF90H17D24SRS","2","AF90H17D0QBX","1.00","889000.00","OUTDOOR","False"
"AF90H17D24SRS","3","AR70H06D1A1Q","1.00","287000.00","ACCESSORY","False"
"AF90H17D24SS","1","AF90H17D24SN","1.00","1332000.00","INDOOR","True"
"AF90H17D24SS","2","AF90H17D0QBX","1.00","888000.00","OUTDOOR","False"
"AF90H17D27GRS","1","AF90H17D27GN","1.00","1466000.00","INDOOR","True"
"AF90H17D27GRS","2","AF90H17D01BX","1.00","977000.00","OUTDOOR","False"
"AF90H17D27GRS","3","AR70H06D1A1Q","1.00","287000.00","ACCESSORY","False"
"AF90H17D27GS","1","AF90H17D27GN","1.00","1464000.00","INDOOR","True"
"AF90H17D27GS","2","AF90H17D01BX","1.00","976000.00","OUTDOOR","False"
"AF90H17D27SRS","1","AF90H17D27SN","1.00","1466000.00","INDOOR","True"
"AF90H17D27SRS","2","AF90H17D01BX","1.00","977000.00","OUTDOOR","False"
"AF90H17D27SRS","3","AR70H06D1A1Q","1.00","287000.00","ACCESSORY","False"
"AF90H17D27SS","1","AF90H17D27SN","1.00","1464000.00","INDOOR","True"
"AF90H17D27SS","2","AF90H17D01BX","1.00","976000.00","OUTDOOR","False"
"AF90H17D35ERS","1","AF90H17D35EN","1.00","1466000.00","INDOOR","True"
"AF90H17D35ERS","2","AF90H17D0QBX","1.00","977000.00","OUTDOOR","False"
"AF90H17D35ERS","3","AR70H06D1A1Q","1.00","287000.00","ACCESSORY","False"
"AF90H17D35ES","1","AF90H17D35EN","1.00","1464000.00","INDOOR","True"
"AF90H17D35ES","2","AF90H17D0QBX","1.00","976000.00","OUTDOOR","False"
"AF90H17D35WRS","1","AF90H17D35WN","1.00","1466000.00","INDOOR","True"
"AF90H17D35WRS","2","AF90H17D0QBX","1.00","977000.00","OUTDOOR","False"
"AF90H17D35WRS","3","AR70H06D1A1Q","1.00","287000.00","ACCESSORY","False"
"AF90H17D35WS","1","AF90H17D35WN","1.00","1464000.00","INDOOR","True"
"AF90H17D35WS","2","AF90H17D0QBX","1.00","976000.00","OUTDOOR","False"
"AF90H17D38ERS","1","AF90H17D38EN","1.00","1592000.00","INDOOR","True"
"AF90H17D38ERS","2","AF90H17D01BX","1.00","1061000.00","OUTDOOR","False"
"AF90H17D38ERS","3","AR70H06D1A1Q","1.00","287000.00","ACCESSORY","False"
"AF90H17D38ES","1","AF90H17D38EN","1.00","1596000.00","INDOOR","True"
"AF90H17D38ES","2","AF90H17D01BX","1.00","1064000.00","OUTDOOR","False"
"AF90H17D38WRS","1","AF90H17D38WN","1.00","1592000.00","INDOOR","True"
"AF90H17D38WRS","2","AF90H17D01BX","1.00","1061000.00","OUTDOOR","False"
"AF90H17D38WRS","3","AR70H06D1A1Q","1.00","287000.00","ACCESSORY","False"
"AF90H17D38WS","1","AF90H17D38WN","1.00","1596000.00","INDOOR","True"
"AF90H17D38WS","2","AF90H17D01BX","1.00","1064000.00","OUTDOOR","False"
"AF90H19D24GRS","1","AF90H19D24GN","1.00","1442000.00","INDOOR","True"
"AF90H19D24GRS","2","AF90H19D0PBX","1.00","961000.00","OUTDOOR","False"
"AF90H19D24GRS","3","AR70H06D1A1Q","1.00","287000.00","ACCESSORY","False"
"AF90H19D24GS","1","AF90H19D24GN","1.00","1440000.00","INDOOR","True"
"AF90H19D24GS","2","AF90H19D0PBX","1.00","960000.00","OUTDOOR","False"
"AF90H19D24SRS","1","AF90H19D24SN","1.00","1442000.00","INDOOR","True"
"AF90H19D24SRS","2","AF90H19D0PBX","1.00","961000.00","OUTDOOR","False"
"AF90H19D24SRS","3","AR70H06D1A1Q","1.00","287000.00","ACCESSORY","False"
"AF90H19D24SS","1","AF90H19D24SN","1.00","1440000.00","INDOOR","True"
"AF90H19D24SS","2","AF90H19D0PBX","1.00","960000.00","OUTDOOR","False"
"AF90H19D27SRS","1","AF90H19D27SN","1.00","1616000.00","INDOOR","True"
"AF90H19D27SRS","2","AF90H19D01BX","1.00","1077000.00","OUTDOOR","False"
"AF90H19D27SRS","3","AR70H06D1A1Q","1.00","287000.00","ACCESSORY","False"
"AF90H19D27SS","1","AF90H19D27SN","1.00","1614000.00","INDOOR","True"
"AF90H19D27SS","2","AF90H19D01BX","1.00","1076000.00","OUTDOOR","False"
"AF90H19D35ERS","1","AF90H19D35EN","1.00","1508000.00","INDOOR","True"
"AF90H19D35ERS","2","AF90H19D0PBX","1.00","1005000.00","OUTDOOR","False"
"AF90H19D35ERS","3","AR70H06D1A1Q","1.00","287000.00","ACCESSORY","False"
"AF90H19D35ES","1","AF90H19D35EN","1.00","1506000.00","INDOOR","True"
"AF90H19D35ES","2","AF90H19D0PBX","1.00","1004000.00","OUTDOOR","False"
"AF90H19D35WRS","1","AF90H19D35WN","1.00","1508000.00","INDOOR","True"
"AF90H19D35WRS","2","AF90H19D0PBX","1.00","1005000.00","OUTDOOR","False"
"AF90H19D35WRS","3","AR70H06D1A1Q","1.00","287000.00","ACCESSORY","False"
"AF90H19D35WS","1","AF90H19D35WN","1.00","1506000.00","INDOOR","True"
"AF90H19D35WS","2","AF90H19D0PBX","1.00","1004000.00","OUTDOOR","False"
"AF90H19D38WRS","1","AF90H19D38WN","1.00","1724000.00","INDOOR","True"
"AF90H19D38WRS","2","AF90H19D01BX","1.00","1149000.00","OUTDOOR","False"
"AF90H19D38WRS","3","AR70H06D1A1Q","1.00","287000.00","ACCESSORY","False"
"AF90H19D38WS","1","AF90H19D38WN","1.00","1722000.00","INDOOR","True"
"AF90H19D38WS","2","AF90H19D01BX","1.00","1148000.00","OUTDOOR","False"
"AF90H22D35ERS","1","AF90H22D35EN","1.00","1880000.00","INDOOR","True"
"AF90H22D35ERS","2","AF90H22D01BX","1.00","1253000.00","OUTDOOR","False"
"AF90H22D35ERS","3","AR70H06D1A1Q","1.00","287000.00","ACCESSORY","False"
"AF90H22D35ES","1","AF90H22D35EN","1.00","1878000.00","INDOOR","True"
"AF90H22D35ES","2","AF90H22D01BX","1.00","1252000.00","OUTDOOR","False"
"AF90H22D35WRS","1","AF90H22D35WN","1.00","1880000.00","INDOOR","True"
"AF90H22D35WRS","2","AF90H22D01BX","1.00","1253000.00","OUTDOOR","False"
"AF90H22D35WRS","3","AR70H06D1A1Q","1.00","287000.00","ACCESSORY","False"
"AF90H22D35WS","1","AF90H22D35WN","1.00","1878000.00","INDOOR","True"
"AF90H22D35WS","2","AF90H22D01BX","1.00","1252000.00","OUTDOOR","False"
"AF90H22D36WRS","1","AF90H22D36WN","1.00","2104000.00","INDOOR","True"
"AF90H22D36WRS","2","AF90H22D01BX","1.00","1403000.00","OUTDOOR","False"
"AF90H22D36WRS","3","AR80H06D2A1Q","1.00","433000.00","ACCESSORY","False"
"AF90H22D36WS","1","AF90H22D36WN","1.00","2088000.00","INDOOR","True"
"AF90H22D36WS","2","AF90H22D01BX","1.00","1392000.00","OUTDOOR","False"
"AF90H25D36WRS","1","AF90H25D36WN","1.00","2650000.00","INDOOR","True"
"AF90H25D36WRS","2","AF90H25D01BX","1.00","1767000.00","OUTDOOR","False"
"AF90H25D36WRS","3","AR80H06D2A1Q","1.00","433000.00","ACCESSORY","False"
"AF90H25D36WS","1","AF90H25D36WN","1.00","2640000.00","INDOOR","True"
"AF90H25D36WS","2","AF90H25D01BX","1.00","1760000.00","OUTDOOR","False"
"AP052BAPPBH2S","1","AP052BNPPBH1","1.00","476000.00","INDOOR","True"
"AP052BAPPBH2S","2","AP052BXPPBH3","1.00","714000.00","OUTDOOR","False"
"AP052CAPPBH1S","1","AP052CNPPBH1","1.00","0.00","INDOOR","True"
"AP052CAPPBH1S","2","AC052CXAPBH1","1.00","0.00","OUTDOOR","False"
"AP052CSPFBH2SPP","1","AP052CNPFBH1PP","1.00","840000.00","INDOOR","True"
"AP052CSPFBH2SPP","2","AP052CXPFBH1PP","1.00","1260000.00","OUTDOOR","False"
"AP060BAPPBH2S","1","AP060RNPPBH1","1.00","480000.00","INDOOR","True"
"AP060BAPPBH2S","2","AC060BXAPBH3","1.00","720000.00","OUTDOOR","False"
"AP060CAPPBH1S","1","AP060CNPPBH1","1.00","600000.00","INDOOR","True"
"AP060CAPPBH1S","2","AC060CXAPBH1","1.00","900000.00","OUTDOOR","False"
"AP060CSPFBH2SPP","1","AP060CNPFBH1PP","1.00","952000.00","INDOOR","True"
"AP060CSPFBH2SPP","2","AP060CXPFBH1PP","1.00","1428000.00","OUTDOOR","False"
"AP072BAPDBH2S","1","AP072BNPDBH1","1.00","412000.00","INDOOR","True"
"AP072BAPDBH2S","2","AP072BXPDBH1","1.00","618000.00","OUTDOOR","False"
"AP072BAPPBH2S","1","AP072BNPPBH1","1.00","520000.00","INDOOR","True"
"AP072BAPPBH2S","2","AC072BXAPBH5","1.00","780000.00","OUTDOOR","False"
"AP072CAPPBH1S","1","AP072CNPPBH1","1.00","676000.00","INDOOR","True"
"AP072CAPPBH1S","2","AC072CXAPBH1","1.00","1014000.00","OUTDOOR","False"
"AP072CSPFBH2SPP","1","AP072CNPFBH1PP","1.00","1012000.00","INDOOR","True"
"AP072CSPFBH2SPP","2","AP072CXPFBH1PP","1.00","1518000.00","OUTDOOR","False"
"AP083BAPPBH2S","1","AP083BNPPBH1","1.00","544000.00","INDOOR","True"
"AP083BAPPBH2S","2","AP083BXPPBH3","1.00","816000.00","OUTDOOR","False"
"AP083BSPPBH6SY","1","AP083BNPPBH6","1.00","612000.00","INDOOR","True"
"AP083BSPPBH6SY","2","AP083BXPPBH3","1.00","918000.00","OUTDOOR","False"
"AP083BSPPBH7SY","1","AP083BNPPBH7","1.00","612000.00","INDOOR","True"
"AP083BSPPBH7SY","2","AP083BXPPBH3","1.00","918000.00","OUTDOOR","False"
"AP083BSPPBH8SY","1","AP083BNPPBH8","1.00","612000.00","INDOOR","True"
"AP083BSPPBH8SY","2","AP083BXPPBH3","1.00","918000.00","OUTDOOR","False"
"AP083CAPPBH1S","1","AP083CNPPBH1","1.00","696000.00","INDOOR","True"
"AP083CAPPBH1S","2","AC083CXAPBH1","1.00","1044000.00","OUTDOOR","False"
"AP083CSPDBC1S","1","AP083CNPDBC1","1.00","460000.00","INDOOR","True"
"AP083CSPDBC1S","2","AC083CXADBC1","1.00","690000.00","OUTDOOR","False"
"AP083CSPFBH2SPP","1","AP083CNPFBH1PP","1.00","1060000.00","INDOOR","True"
"AP083CSPFBH2SPP","2","AP083CXPFBH1PP","1.00","1590000.00","OUTDOOR","False"
"AP110BAPPBH2S","1","AP110RNPPBH1","1.00","700000.00","INDOOR","True"
"AP110BAPPBH2S","2","AC110BXAPBH3","1.00","1050000.00","OUTDOOR","False"
"AP110BAPPHH2S","1","AC110BXAPHH3","1.00","1050000.00","OUTDOOR","True"
"AP110BAPPHH2S","2","AP110RNPPHH1","1.00","700000.00","INDOOR","False"
"AP110BSPPBH6SY","1","AP110RNPPBH6","1.00","780000.00","INDOOR","True"
"AP110BSPPBH6SY","2","AC110BXAPBH3","1.00","1170000.00","OUTDOOR","False"
"AP110BSPPBH7SY","1","AP110RNPPBH7","1.00","780000.00","INDOOR","True"
"AP110BSPPBH7SY","2","AC110BXAPBH3","1.00","1170000.00","OUTDOOR","False"
"AP110BSPPBH8SY","1","AP110RNPPBH8","1.00","780000.00","INDOOR","True"
"AP110BSPPBH8SY","2","AC110BXAPBH3","1.00","1170000.00","OUTDOOR","False"
"AP110BSPPHH6SY","1","AP110RNPPHH6","1.00","780000.00","INDOOR","True"
"AP110BSPPHH6SY","2","AC110BXAPHH3","1.00","1170000.00","OUTDOOR","False"
"AP110BSPPHH7SY","1","AP110RNPPHH7","1.00","780000.00","INDOOR","True"
"AP110BSPPHH7SY","2","AC110BXAPHH3","1.00","1170000.00","OUTDOOR","False"
"AP110BSPPHH8SY","1","AP110RNPPHH8","1.00","780000.00","INDOOR","True"
"AP110BSPPHH8SY","2","AC110BXAPHH3","1.00","1170000.00","OUTDOOR","False"
"AP110CAPPBH1S","1","AP110CNPPBH1","1.00","852000.00","INDOOR","True"
"AP110CAPPBH1S","2","AC110CXAPBH1","1.00","1278000.00","OUTDOOR","False"
"AP110CAPPHH1S","1","AP110CNPPHH1","1.00","852000.00","INDOOR","True"
"AP110CAPPHH1S","2","AC110CXAPHH1","1.00","1278000.00","OUTDOOR","False"
"AP110CSPDBC1S","1","AP110CNPDBC1","1.00","588000.00","INDOOR","True"
"AP110CSPDBC1S","2","AC110CXADBC1","1.00","882000.00","OUTDOOR","False"
"AP130BAPDBH2S","1","AP130BNPDBH1","1.00","612000.00","INDOOR","True"
"AP130BAPDBH2S","2","AP130BXPDBH1","1.00","918000.00","OUTDOOR","False"
"AP130BAPPBH2S","1","AP130RNPPBH1","1.00","772000.00","INDOOR","True"
"AP130BAPPBH2S","2","AC130BXAPBH3","1.00","1158000.00","OUTDOOR","False"
"AP130BAPPHH2S","1","AP130RNPPBH1","1.00","772000.00","INDOOR","True"
"AP130BAPPHH2S","2","AC130BXAPHH3","1.00","1158000.00","OUTDOOR","False"
"AP130CAPPBH1S","1","AP130CNPPBH1","1.00","996000.00","INDOOR","True"
"AP130CAPPBH1S","2","AC130CXAPBH1","1.00","1494000.00","OUTDOOR","False"
"AP130CAPPHH1S","1","AP130CNPPHH1","1.00","996000.00","INDOOR","True"
"AP130CAPPHH1S","2","AC130CXAPHH1","1.00","1494000.00","OUTDOOR","False"
"AP145BAPDHH2S","1","AP145RNPDHH1","1.00","644000.00","INDOOR","True"
"AP145BAPDHH2S","2","AC145BXADHH1","1.00","966000.00","OUTDOOR","False"
"AP145BAPPHH2S","1","AP145BNPPHH1","1.00","756000.00","INDOOR","True"
"AP145BAPPHH2S","2","AC145BXAPHH5","1.00","1134000.00","OUTDOOR","False"
"AP145BSPPHH6SY","1","AP145BNPPHH6","1.00","940000.00","INDOOR","True"
"AP145BSPPHH6SY","2","AC145BXAPHH5","1.00","1410000.00","OUTDOOR","False"
"AP145BSPPHH7SY","1","AP145BNPPHH7","1.00","940000.00","INDOOR","True"
"AP145BSPPHH7SY","2","AC145BXAPHH5","1.00","1410000.00","OUTDOOR","False"
"AP145BSPPHH8SY","1","AP145BNPPHH8","1.00","940000.00","INDOOR","True"
"AP145BSPPHH8SY","2","AC145BXAPHH5","1.00","1410000.00","OUTDOOR","False"
"AP145CAPPHH1S","1","AP145CNPPHH1","1.00","964000.00","INDOOR","True"
"AP145CAPPHH1S","2","AC145CXAPHH1","1.00","1446000.00","OUTDOOR","False"
"AP145CSPDHC1S","1","AP145CNPDHC1","1.00","768000.00","INDOOR","True"
"AP145CSPDHC1S","2","AP145CXPDHC1","1.00","1152000.00","OUTDOOR","False"
"AP230DAPDHH1S","1","AP230DNPDHH1","1.00","1680000.00","INDOOR","True"
"AP230DAPDHH1S","2","AP230DXPDHH1","1.00","2520000.00","OUTDOOR","False"
"AP290DAPDHH1S","1","AP290DNPDHH1","1.00","1860000.00","INDOOR","True"
"AP290DAPDHH1S","2","AP290DXPDHH1","1.00","2790000.00","OUTDOOR","False"
"AR06D1150HZS","1","AR06D1150HZN","1.00","144000.00","INDOOR","True"
"AR06D1150HZS","2","AR06D1150HAX","1.00","216000.00","OUTDOOR","False"
"AR07C9180HZS","1","AR07C9180HZN","1.00","332000.00","INDOOR","True"
"AR07C9180HZS","2","AR07C9180HCX","1.00","498000.00","OUTDOOR","False"
"AR07C9181HZS","1","AR07C9181HZN","1.00","460000.00","INDOOR","True"
"AR07C9181HZS","2","AR07C9181HEX","1.00","690000.00","OUTDOOR","False"
"AR07D9150HZS","1","AR07D9150HZN","1.00","226000.00","INDOOR","True"
"AR07D9150HZS","2","AR07D9150HAX","1.00","339000.00","OUTDOOR","False"
"AR07D9151HZS","1","AR07D9151HZN","1.00","276000.00","INDOOR","True"
"AR07D9151HZS","2","AR07D9151HCX","1.00","414000.00","OUTDOOR","False"
"AR07D9181HZS","1","AR07D9181HZN","1.00","320000.00","INDOOR","True"
"AR07D9181HZS","2","AR07D9181HCX","1.00","480000.00","OUTDOOR","False"
"AR09C9180HZS","1","AR09C9180HZN","1.00","356000.00","INDOOR","True"
"AR09C9180HZS","2","AR09C9180HCX","1.00","534000.00","OUTDOOR","False"
"AR09D9150HZS","1","AR09D9150HZN","1.00","296000.00","INDOOR","True"
"AR09D9150HZS","2","AR09D9150HCX","1.00","444000.00","OUTDOOR","False"
"AR10B5150HZS","1","AR10B5150HZN","1.00","200000.00","INDOOR","True"
"AR10B5150HZS","2","AR10B5150HAX","1.00","300000.00","OUTDOOR","False"
"AR11C9180HZS","1","AR11C9180HZN","1.00","396000.00","INDOOR","True"
"AR11C9180HZS","2","AR11C9180HDX","1.00","594000.00","OUTDOOR","False"
"AR11D9150HZS","1","AR11D9150HZN","1.00","300000.00","INDOOR","True"
"AR11D9150HZS","2","AR11D9150HDX","1.00","450000.00","OUTDOOR","False"
"AR13C9180HZS","1","AR13C9180HZN","1.00","420000.00","INDOOR","True"
"AR13C9180HZS","2","AR13C9180HEX","1.00","630000.00","OUTDOOR","False"
"AR13D9150HZS","1","AR13D9150HZN","1.00","344000.00","INDOOR","True"
"AR13D9150HZS","2","AR13D9150HDX","1.00","516000.00","OUTDOOR","False"
"AR15D9150HZS","1","AR15D9150HZN","1.00","372000.00","INDOOR","True"
"AR15D9150HZS","2","AR15D9150HDX","1.00","558000.00","OUTDOOR","False"
"AR16C9180HZS","1","AR16C9180HZN","1.00","480000.00","INDOOR","True"
"AR16C9180HZS","2","AR16C9180HEX","1.00","720000.00","OUTDOOR","False"
"AR50F10D13HS","1","AR50F10D13HNKO","1.00","194000.00","INDOOR","True"
"AR50F10D13HS","2","AR50F10D13HXKO","1.00","292000.00","OUTDOOR","False"
"AR50F10D13HS","3","ARR-NK3F","1.00","34000.00","REMOTE","False"
"AR60F07C11WS","1","AR60F07C11WNKO","1.00","446000.00","INDOOR","True"
"AR60F07C11WS","2","AR60F07C11WXKO","1.00","670000.00","OUTDOOR","False"
"AR60F07C11WS","3","ARR-WK8F","1.00","34000.00","REMOTE","False"
"AR60F07C12WS","1","AR60F07C12WNKO","1.00","322000.00","INDOOR","True"
"AR60F07C12WS","2","AR60F07C12WXKO","1.00","484000.00","OUTDOOR","False"
"AR60F07C12WS","3","ARR-WK8F","1.00","34000.00","REMOTE","False"
"AR60F07C14WS","1","AR60F07C14WNKO","1.00","306000.00","INDOOR","True"
"AR60F07C14WS","2","AR60F07C14WXKO","1.00","460000.00","OUTDOOR","False"
"AR60F07C14WS","3","ARR-WK8F","1.00","34000.00","REMOTE","False"
"AR60F07D11WS","1","AR60F07D11WNKO","1.00","266000.00","INDOOR","True"
"AR60F07D11WS","2","AR60F07D11WXKO","1.00","400000.00","OUTDOOR","False"
"AR60F07D11WS","3","ARR-WK8F","1.00","34000.00","REMOTE","False"
"AR60F07D12WS","1","AR60F07D12WNKO","1.00","222000.00","INDOOR","True"
"AR60F07D12WS","2","AR60F07D12WXKO","1.00","334000.00","OUTDOOR","False"
"AR60F07D12WS","3","ARR-WK8F","1.00","34000.00","REMOTE","False"
"AR60F09C13WS","1","AR60F09C13WNKO","1.00","354000.00","INDOOR","True"
"AR60F09C13WS","2","AR60F09C13WXKO","1.00","532000.00","OUTDOOR","False"
"AR60F09C13WS","3","ARR-WK8F","1.00","34000.00","REMOTE","False"
"AR60F09D11WS","1","AR60F09D11WNKO","1.00","290000.00","INDOOR","True"
"AR60F09D11WS","2","AR60F09D11WXKO","1.00","436000.00","OUTDOOR","False"
"AR60F09D11WS","3","ARR-WK8F","1.00","34000.00","REMOTE","False"
"AR60F11C13WS","1","AR60F11C13WNKO","1.00","394000.00","INDOOR","True"
"AR60F11C13WS","2","AR60F11C13WXKO","1.00","592000.00","OUTDOOR","False"
"AR60F11C13WS","3","ARR-WK8F","1.00","34000.00","REMOTE","False"
"AR60F11D11WS","1","AR60F11D11WNKO","1.00","298000.00","INDOOR","True"
"AR60F11D11WS","2","AR60F11D11WXKO","1.00","448000.00","OUTDOOR","False"
"AR60F11D11WS","3","ARR-WK8F","1.00","34000.00","REMOTE","False"
"AR60F13C13WS","1","AR60F13C13WNKO","1.00","418000.00","INDOOR","True"
"AR60F13C13WS","2","AR60F13C13WXKO","1.00","628000.00","OUTDOOR","False"
"AR60F13C13WS","3","ARR-WK8F","1.00","34000.00","REMOTE","False"
"AR60F13D12WS","1","AR60F13D12WNKO","1.00","346000.00","INDOOR","True"
"AR60F13D12WS","2","AR60F13D12WXKO","1.00","520000.00","OUTDOOR","False"
"AR60F13D12WS","3","ARR-WK8F","1.00","34000.00","REMOTE","False"
"AR60F15D12WS","1","AR60F15D12WNKO","1.00","370000.00","INDOOR","True"
"AR60F15D12WS","2","AR60F15D12WXKO","1.00","556000.00","OUTDOOR","False"
"AR60F15D12WS","3","ARR-WK8F","1.00","34000.00","REMOTE","False"
"AR60F16C14WS","1","AR60F16C14WNKO","1.00","486000.00","INDOOR","True"
"AR60F16C14WS","2","AR60F16C14WXKO","1.00","730000.00","OUTDOOR","False"
"AR60F16C14WS","3","ARR-WK8F","1.00","34000.00","REMOTE","False"
"AR80F07D21WS","1","AR80F07D21WNKO","1.00","374000.00","INDOOR","True"
"AR80F07D21WS","2","AR80F07D21WXKO","1.00","562000.00","OUTDOOR","False"
"AR80F07D21WS","3","ARR-PK8F","1.00","34000.00","REMOTE","False"
