세트,구성품,구성품명,종류,전환 전(현행),전환 후(데이터),레거시 계산값,시트 값,차이(후-전),분류,원인 표지
AC023CS1DBC1SY,AC023CN1DBC1,무풍 1way 냉방전용 실내기,INDOOR,255720,256000,238000,238000,280,㉢,반올림단위;예약행있음
AC023CS1DBC1SY,AC023CX1DBC1,무풍 1way 냉방전용 실외기,OUTDOOR,383580,383300,358000,358000,-280,㉢,반올림단위;예약행있음
AC023CS1DBC1SY,AR-EC05,무선리모컨(냉방전용),REMOTE,16000,16000,16000,16000,0,동일,예약행있음
AC023CS1DBC1SY,PC1NWSK3NW,판넬 1way 무풍중형 WIFI 내장,PANEL,84700,84700,128000,128000,0,동일,고정액-시트불일치;예약행있음
AC023CS1PBH1SY,AC023CN1PBH1,무풍 1way 냉난방 실내기,INDOOR,328554,329000,310000,310000,446,㉢,반올림단위;예약행있음
AC023CS1PBH1SY,AC023CX1PBH1,무풍 1way 냉난방 실외기,OUTDOOR,492831,492385,466000,466000,-446,㉢,반올림단위;예약행있음
AC023CS1PBH1SY,AR-EH05,무선리모컨(냉난방전용),REMOTE,13915,13915,16000,16000,0,동일,고정액-시트불일치;예약행있음
AC023CS1PBH1SY,PC1NWSK3NW,판넬 1way 무풍중형 WIFI 내장,PANEL,84700,84700,128000,128000,0,동일,고정액-시트불일치;예약행있음
AC032CS1DBC1SY,AC032CN1DBC1,무풍 1way 냉방전용 실내기,INDOOR,283720,284000,266000,266000,280,㉢,반올림단위;예약행있음
AC032CS1DBC1SY,AC032CX1DBC1,무풍 1way 냉방전용 실외기,OUTDOOR,425580,425300,400000,400000,-280,㉢,반올림단위;예약행있음
AC032CS1DBC1SY,AR-EC05,무선리모컨(냉방전용),REMOTE,16000,16000,16000,16000,0,동일,예약행있음
AC032CS1DBC1SY,PC1NWSK3NW,판넬 1way 무풍중형 WIFI 내장,PANEL,84700,84700,128000,128000,0,동일,고정액-시트불일치;예약행있음
AC032CS1PBH1SY,AC032CN1PBH1,무풍 1way 냉난방 실내기,INDOOR,344554,345000,326000,326000,446,㉢,반올림단위;예약행있음
AC032CS1PBH1SY,AC032CX1PBH1,무풍 1way 냉난방 실외기,OUTDOOR,516831,516385,490000,490000,-446,㉢,반올림단위;예약행있음
AC032CS1PBH1SY,AR-EH05,무선리모컨(냉난방전용),REMOTE,13915,13915,16000,16000,0,동일,고정액-시트불일치;예약행있음
AC032CS1PBH1SY,PC1NWSK3NW,판넬 1way 무풍중형 WIFI 내장,PANEL,84700,84700,128000,128000,0,동일,고정액-시트불일치;예약행있음
AC040CS1DBC1SY,AC040CN1DBC1,무풍 1way 냉방전용 실내기,INDOOR,335720,336000,318000,318000,280,㉢,반올림단위;예약행있음
AC040CS1DBC1SY,AC040CX1DBC1,무풍 1way 냉방전용 실외기,OUTDOOR,503580,503300,478000,478000,-280,㉢,반올림단위;예약행있음
AC040CS1DBC1SY,AR-EC05,무선리모컨(냉방전용),REMOTE,16000,16000,16000,16000,0,동일,예약행있음
AC040CS1DBC1SY,PC1NWSK3NW,판넬 1way 무풍중형 WIFI 내장,PANEL,84700,84700,128000,128000,0,동일,고정액-시트불일치;예약행있음
AC040CS1PBH1SY,AC040CN1PBH1,무풍 1way 냉난방 실내기,INDOOR,428554,429000,410000,410000,446,㉢,반올림단위;예약행있음
AC040CS1PBH1SY,AC040CX1PBH1,무풍 1way 냉난방 실외기,OUTDOOR,642831,642385,616000,616000,-446,㉢,반올림단위;예약행있음
AC040CS1PBH1SY,AR-EH05,무선리모컨(냉난방전용),REMOTE,13915,13915,16000,16000,0,동일,고정액-시트불일치;예약행있음
AC040CS1PBH1SY,PC1NWSK3NW,판넬 1way 무풍중형 WIFI 내장,PANEL,84700,84700,128000,128000,0,동일,고정액-시트불일치;예약행있음
AC052CS1DBC1SY,AC052CN1DBC1,무풍 1way 냉방전용 실내기,INDOOR,378168,378000,374000,374000,-168,㉢,반올림단위;예약행있음
AC052CS1DBC1SY,AC052CX1DBC1,무풍 1way 냉방전용 실외기,OUTDOOR,567252,567420,562000,562000,168,㉢,반올림단위;예약행있음
AC052CS1DBC1SY,AR-EC05,무선리모컨(냉방전용),REMOTE,16000,16000,16000,16000,0,동일,예약행있음
AC052CS1DBC1SY,PC1BWSK3NW,판넬 1way 무풍대형 WIFI 내장,PANEL,118580,118580,128000,128000,0,동일,고정액-시트불일치;예약행있음
AC052CS1PBH1SY,AC052CN1PBH1,무풍 1way 냉난방 실내기,INDOOR,531002,531000,526000,526000,-2,㉢,반올림단위;예약행있음
AC052CS1PBH1SY,AC052CX1PBH1,무풍 1way 냉난방 실외기,OUTDOOR,796503,796505,790000,790000,2,㉢,반올림단위;예약행있음
AC052CS1PBH1SY,AR-EH05,무선리모컨(냉난방전용),REMOTE,13915,13915,16000,16000,0,동일,고정액-시트불일치;예약행있음
AC052CS1PBH1SY,PC1BWSK3NW,판넬 1way 무풍대형 WIFI 내장,PANEL,118580,118580,128000,128000,0,동일,고정액-시트불일치;예약행있음
AC060BS4PBH7SY,AC060BN4PBH1,무풍 4way 냉난방 프리미엄 실내기,INDOOR,472810,473000,462000,462000,190,㉢,반올림단위;예약행있음
AC060BS4PBH7SY,AC060BXAPBH3,무풍 4way 냉난방 프리미엄 실외기,OUTDOOR,709215,709025,694000,694000,-190,㉢,반올림단위;예약행있음
AC060BS4PBH7SY,AR-EH05,무선리모컨(냉난방전용),REMOTE,13915,13915,16000,16000,0,동일,고정액-시트불일치;예약행있음
AC060BS4PBH7SY,PC4NUFK1NW,판넬 4way 무풍 WIFI 내장,PANEL,104060,104060,128000,128000,0,동일,고정액-시트불일치;예약행있음
AC060CS1DBC1SY,AC060CN1DBC1,무풍 1way 냉방전용 실내기,INDOOR,382168,382000,378000,378000,-168,㉢,반올림단위;예약행있음
AC060CS1DBC1SY,AC060CX1DBC1,무풍 1way 냉방전용 실외기,OUTDOOR,573252,573420,568000,568000,168,㉢,반올림단위;예약행있음
AC060CS1DBC1SY,AR-EC05,무선리모컨(냉방전용),REMOTE,16000,16000,16000,16000,0,동일,예약행있음
AC060CS1DBC1SY,PC1BWSK3NW,판넬 1way 무풍대형 WIFI 내장,PANEL,118580,118580,128000,128000,0,동일,고정액-시트불일치;예약행있음
AC060CS1PBH1SY,AC060CN1PBH1,무풍 1way 냉난방 실내기,INDOOR,551002,551000,546000,546000,-2,㉢,반올림단위;예약행있음
AC060CS1PBH1SY,AC060CX1PBH1,무풍 1way 냉난방 실외기,OUTDOOR,826503,826505,820000,820000,2,㉢,반올림단위;예약행있음
AC060CS1PBH1SY,AR-EH05,무선리모컨(냉난방전용),REMOTE,13915,13915,16000,16000,0,동일,고정액-시트불일치;예약행있음
AC060CS1PBH1SY,PC1BWSK3NW,판넬 1way 무풍대형 WIFI 내장,PANEL,118580,118580,128000,128000,0,동일,고정액-시트불일치;예약행있음
AC060CS4DBC1SY,AC060CN4DBC1,무풍 4way 냉방전용 실내기,INDOOR,455976,456000,446000,446000,24,㉢,반올림단위;예약행있음
AC060CS4DBC1SY,AC060CXADBC1,무풍 4way 냉방전용 실외기,OUTDOOR,683964,683940,670000,670000,-24,㉢,반올림단위;예약행있음
AC060CS4DBC1SY,AR-EC05,무선리모컨(냉방전용),REMOTE,16000,16000,16000,16000,0,동일,예약행있음
AC060CS4DBC1SY,PC4NUFK1NW,판넬 4way 무풍 WIFI 내장,PANEL,104060,104060,128000,128000,0,동일,고정액-시트불일치;예약행있음
AC060CS4FBH2SY,AC060CN4FBH1,무풍 4way 냉난방 1등급 실내기,INDOOR,688810,689000,678000,678000,190,㉢,반올림단위;예약행있음
AC060CS4FBH2SY,AC060CXAFBH1,무풍 4way 냉난방 1등급 실외기,OUTDOOR,1033215,1033025,1018000,1018000,-190,㉢,반올림단위;예약행있음
AC060CS4FBH2SY,AR-EH05,무선리모컨(냉난방전용),REMOTE,13915,13915,16000,16000,0,동일,고정액-시트불일치;예약행있음
AC060CS4FBH2SY,PC4NUFK1NW,판넬 4way 무풍 WIFI 내장,PANEL,104060,104060,128000,128000,0,동일,고정액-시트불일치;예약행있음
AC060CS4PBH2SY,AC060CN4PBH1,무풍 4way 냉난방 프레스티지 실내기,INDOOR,556810,557000,546000,546000,190,㉢,반올림단위;예약행있음
AC060CS4PBH2SY,AC060CXAPBH1,360 CST UV 실외기,OUTDOOR,835215,835025,820000,820000,-190,㉢,반올림단위;예약행있음
AC060CS4PBH2SY,AR-EH05,무선리모컨(냉난방전용),REMOTE,13915,13915,16000,16000,0,동일,고정액-시트불일치;예약행있음
AC060CS4PBH2SY,PC4NUFK1NW,판넬 4way 무풍 WIFI 내장,PANEL,104060,104060,128000,128000,0,동일,고정액-시트불일치;예약행있음
AC060CS6PBH1SY,AC060CN6PBH1,360 CST UV 실내기,INDOOR,616810,617000,606000,606000,190,㉢,반올림단위;예약행있음
AC060CS6PBH1SY,AC060CXAPBH1,360 CST UV 실외기,OUTDOOR,925215,925025,910000,910000,-190,㉢,반올림단위;예약행있음
AC060CS6PBH1SY,AR-EH05,무선리모컨(냉난방전용),REMOTE,13915,13915,16000,16000,0,동일,고정액-시트불일치;예약행있음
AC060CS6PBH1SY,PC6NUNK1NW,판넬 (360CST / 원형 / WIFI),PANEL,104060,104060,128000,128000,0,동일,고정액-시트불일치;예약행있음
AC072BS4PBH7SY,AC072BN4PBH5,무풍 4way 냉난방 프리미엄 실내기,INDOOR,516810,517000,506000,506000,190,㉢,반올림단위;예약행있음
AC072BS4PBH7SY,AC072BXAPBH5,무풍 4way 냉난방 프리미엄 실외기,OUTDOOR,775215,775025,760000,760000,-190,㉢,반올림단위;예약행있음
AC072BS4PBH7SY,AR-EH05,무선리모컨(냉난방전용),REMOTE,13915,13915,16000,16000,0,동일,고정액-시트불일치;예약행있음
AC072BS4PBH7SY,PC4NUFK1NW,판넬 4way 무풍 WIFI 내장,PANEL,104060,104060,128000,128000,0,동일,고정액-시트불일치;예약행있음
AC072BSCPBH2SY,AC072BNCPBH1,싱글 실링 실내기,INDOOR,566434,566000,566000,566000,-434,㉠,반올림단위;예약행있음
AC072BSCPBH2SY,AC072BXAPBH5,무풍 4way 냉난방 프리미엄 실외기,OUTDOOR,849651,850085,848000,848000,434,㉢,반올림단위;예약행있음
AC072BSCPBH2SY,AR-EH05,무선리모컨(냉난방전용),REMOTE,13915,13915,16000,16000,0,동일,고정액-시트불일치;예약행있음
AC072CS1DBC1SY,AC072CN1DBC1,무풍 1way 냉방전용 실내기,INDOOR,410168,410000,406000,406000,-168,㉢,반올림단위;예약행있음
AC072CS1DBC1SY,AC072CX1DBC1,무풍 1way 냉방전용 실외기,OUTDOOR,615252,615420,610000,610000,168,㉢,반올림단위;예약행있음
AC072CS1DBC1SY,AR-EC05,무선리모컨(냉방전용),REMOTE,16000,16000,16000,16000,0,동일,예약행있음
AC072CS1DBC1SY,PC1BWSK3NW,판넬 1way 무풍대형 WIFI 내장,PANEL,118580,118580,128000,128000,0,동일,고정액-시트불일치;예약행있음
AC072CS4DBC1SY,AC072CN4DBC1,무풍 4way 냉방전용 실내기,INDOOR,463976,464000,454000,454000,24,㉢,반올림단위;예약행있음
AC072CS4DBC1SY,AC072CXADBC1,무풍 4way 냉방전용 실외기,OUTDOOR,695964,695940,682000,682000,-24,㉢,반올림단위;예약행있음
AC072CS4DBC1SY,AR-EC05,무선리모컨(냉방전용),REMOTE,16000,16000,16000,16000,0,동일,예약행있음
AC072CS4DBC1SY,PC4NUFK1NW,판넬 4way 무풍 WIFI 내장,PANEL,104060,104060,128000,128000,0,동일,고정액-시트불일치;예약행있음
AC072CS4FBH2SY,AC072CN4FBH1,무풍 4way 냉난방 1등급 실내기,INDOOR,780810,781000,770000,770000,190,㉢,반올림단위;예약행있음
AC072CS4FBH2SY,AC072CXAFBH1,무풍 4way 냉난방 1등급 실외기,OUTDOOR,1171215,1171025,1156000,1156000,-190,㉢,반올림단위;예약행있음
AC072CS4FBH2SY,AR-EH05,무선리모컨(냉난방전용),REMOTE,13915,13915,16000,16000,0,동일,고정액-시트불일치;예약행있음
AC072CS4FBH2SY,PC4NUFK1NW,판넬 4way 무풍 WIFI 내장,PANEL,104060,104060,128000,128000,0,동일,고정액-시트불일치;예약행있음
AC072CS4PBH2SY,AC072CN4PBH1,무풍 4way 냉난방 프레스티지 실내기,INDOOR,620810,621000,610000,610000,190,㉢,반올림단위;예약행있음
AC072CS4PBH2SY,AC072CXAPBH1,360 CST UV 실외기,OUTDOOR,931215,931025,916000,916000,-190,㉢,반올림단위;예약행있음
AC072CS4PBH2SY,AR-EH05,무선리모컨(냉난방전용),REMOTE,13915,13915,16000,16000,0,동일,고정액-시트불일치;예약행있음
AC072CS4PBH2SY,PC4NUFK1NW,판넬 4way 무풍 WIFI 내장,PANEL,104060,104060,128000,128000,0,동일,고정액-시트불일치;예약행있음
AC072CS6PBH1SY,AC072CN6PBH1,360 CST UV 실내기,INDOOR,688810,689000,678000,678000,190,㉢,반올림단위;예약행있음
AC072CS6PBH1SY,AC072CXAPBH1,360 CST UV 실외기,OUTDOOR,1033215,1033025,1018000,1018000,-190,㉢,반올림단위;예약행있음
AC072CS6PBH1SY,AR-EH05,무선리모컨(냉난방전용),REMOTE,13915,13915,16000,16000,0,동일,고정액-시트불일치;예약행있음
AC072CS6PBH1SY,PC6NUNK1NW,판넬 (360CST / 원형 / WIFI),PANEL,104060,104060,128000,128000,0,동일,고정액-시트불일치;예약행있음
AC083CS4DBC1SY,AC083CN4DBC1,무풍 4way 냉방전용 실내기,INDOOR,527976,528000,518000,518000,24,㉢,반올림단위;예약행있음
AC083CS4DBC1SY,AC083CXADBC1,무풍 4way 냉방전용 실외기,OUTDOOR,791964,791940,778000,778000,-24,㉢,반올림단위;예약행있음
AC083CS4DBC1SY,AR-EC05,무선리모컨(냉방전용),REMOTE,16000,16000,16000,16000,0,동일,예약행있음
AC083CS4DBC1SY,PC4NUFK1NW,판넬 4way 무풍 WIFI 내장,PANEL,104060,104060,128000,128000,0,동일,고정액-시트불일치;예약행있음
AC090BS4PBH7SY,AC090BN4PBH1,무풍 4way 냉난방 프리미엄 실내기,INDOOR,572810,573000,562000,562000,190,㉢,반올림단위;예약행있음
AC090BS4PBH7SY,AC090BXAPBH3,무풍 4way 냉난방 프리미엄 실외기,OUTDOOR,859215,859025,844000,844000,-190,㉢,반올림단위;예약행있음
AC090BS4PBH7SY,AR-EH05,무선리모컨(냉난방전용),REMOTE,13915,13915,16000,16000,0,동일,고정액-시트불일치;예약행있음
AC090BS4PBH7SY,PC4NUFK1NW,판넬 4way 무풍 WIFI 내장,PANEL,104060,104060,128000,128000,0,동일,고정액-시트불일치;예약행있음
AC090BSCPBH2SY,AC090BNCPBH1,싱글 실링 실내기,INDOOR,590434,590000,590000,590000,-434,㉠,반올림단위;예약행있음
AC090BSCPBH2SY,AC090BXAPBH3,무풍 4way 냉난방 프리미엄 실외기,OUTDOOR,885651,886085,884000,884000,434,㉢,반올림단위;예약행있음
AC090BSCPBH2SY,AR-EH05,무선리모컨(냉난방전용),REMOTE,13915,13915,16000,16000,0,동일,고정액-시트불일치;예약행있음
AC090CS4FBH2SY,AC090CN4FBH1,무풍 4way 냉난방 1등급 실내기,INDOOR,904810,905000,894000,894000,190,㉢,반올림단위;예약행있음
AC090CS4FBH2SY,AC090CXAFBH1,무풍 4way 냉난방 1등급 실외기,OUTDOOR,1357215,1357025,1342000,1342000,-190,㉢,반올림단위;예약행있음
AC090CS4FBH2SY,AR-EH05,무선리모컨(냉난방전용),REMOTE,13915,13915,16000,16000,0,동일,고정액-시트불일치;예약행있음
AC090CS4FBH2SY,PC4NUFK1NW,판넬 4way 무풍 WIFI 내장,PANEL,104060,104060,128000,128000,0,동일,고정액-시트불일치;예약행있음
AC090CS4PBH2SY,AC090CN4PBH1,무풍 4way 냉난방 프레스티지 실내기,INDOOR,692810,693000,682000,682000,190,㉢,반올림단위;예약행있음
AC090CS4PBH2SY,AC090CXAPBH1,360 CST UV 실외기,OUTDOOR,1039215,1039025,1024000,1024000,-190,㉢,반올림단위;예약행있음
AC090CS4PBH2SY,AR-EH05,무선리모컨(냉난방전용),REMOTE,13915,13915,16000,16000,0,동일,고정액-시트불일치;예약행있음
AC090CS4PBH2SY,PC4NUFK1NW,판넬 4way 무풍 WIFI 내장,PANEL,104060,104060,128000,128000,0,동일,고정액-시트불일치;예약행있음
AC090CS6PBH1SY,AC090CN6PBH1,360 CST UV 실내기,INDOOR,764810,765000,754000,754000,190,㉢,반올림단위;예약행있음
AC090CS6PBH1SY,AC090CXAPBH1,360 CST UV 실외기,OUTDOOR,1147215,1147025,1132000,1132000,-190,㉢,반올림단위;예약행있음
AC090CS6PBH1SY,AR-EH05,무선리모컨(냉난방전용),REMOTE,13915,13915,16000,16000,0,동일,고정액-시트불일치;예약행있음
AC090CS6PBH1SY,PC6NUNK1NW,판넬 (360CST / 원형 / WIFI),PANEL,104060,104060,128000,128000,0,동일,고정액-시트불일치;예약행있음
AC100BS4PBH7SY,AC100BN4PBH1,무풍 4way 냉난방 프리미엄 실내기,INDOOR,612810,613000,602000,602000,190,㉢,반올림단위;예약행있음
AC100BS4PBH7SY,AC100BXAPBH3,무풍 4way 냉난방 프리미엄 실외기,OUTDOOR,919215,919025,904000,904000,-190,㉢,반올림단위;예약행있음
AC100BS4PBH7SY,AR-EH05,무선리모컨(냉난방전용),REMOTE,13915,13915,16000,16000,0,동일,고정액-시트불일치;예약행있음
AC100BS4PBH7SY,PC4NUFK1NW,판넬 4way 무풍 WIFI 내장,PANEL,104060,104060,128000,128000,0,동일,고정액-시트불일치;예약행있음
AC100BS4PHH7SY,AC100BN4PBH1,무풍 4way 냉난방 프리미엄 실내기,INDOOR,612810,613000,602000,602000,190,㉢,반올림단위;예약행있음
AC100BS4PHH7SY,AC100BXAPHH3,무풍 4way 냉난방 프리미엄 실외기,OUTDOOR,919215,919025,904000,904000,-190,㉢,반올림단위;예약행있음
AC100BS4PHH7SY,AR-EH05,무선리모컨(냉난방전용),REMOTE,13915,13915,16000,16000,0,동일,고정액-시트불일치;예약행있음
AC100BS4PHH7SY,PC4NUFK1NW,판넬 4way 무풍 WIFI 내장,PANEL,104060,104060,128000,128000,0,동일,고정액-시트불일치;예약행있음
AC100CS4DBC1SY,AC100CN4DBC1,무풍 4way 냉방전용 실내기,INDOOR,563976,564000,554000,554000,24,㉢,반올림단위;예약행있음
AC100CS4DBC1SY,AC100CXADBC1,무풍 4way 냉방전용 실외기,OUTDOOR,845964,845940,832000,832000,-24,㉢,반올림단위;예약행있음
AC100CS4DBC1SY,AR-EC05,무선리모컨(냉방전용),REMOTE,16000,16000,16000,16000,0,동일,예약행있음
AC100CS4DBC1SY,PC4NUFK1NW,판넬 4way 무풍 WIFI 내장,PANEL,104060,104060,128000,128000,0,동일,고정액-시트불일치;예약행있음
AC100CS4FBH2SY,AC100CN4FBH1,무풍 4way 냉난방 1등급 실내기,INDOOR,980810,981000,970000,970000,190,㉢,반올림단위;예약행있음
AC100CS4FBH2SY,AC100CXAFBH1,무풍 4way 냉난방 1등급 실외기,OUTDOOR,1471215,1471025,1456000,1456000,-190,㉢,반올림단위;예약행있음
AC100CS4FBH2SY,AR-EH05,무선리모컨(냉난방전용),REMOTE,13915,13915,16000,16000,0,동일,고정액-시트불일치;예약행있음
AC100CS4FBH2SY,PC4NUFK1NW,판넬 4way 무풍 WIFI 내장,PANEL,104060,104060,128000,128000,0,동일,고정액-시트불일치;예약행있음
AC100CS4FHH2SY,AC100CN4FBH1,무풍 4way 냉난방 1등급 실내기,INDOOR,980810,981000,970000,970000,190,㉢,반올림단위;예약행있음
AC100CS4FHH2SY,AC100CXAFHH1,무풍 4way 냉난방 1등급 실외기,OUTDOOR,1471215,1471025,1456000,1456000,-190,㉢,반올림단위;예약행있음
AC100CS4FHH2SY,AR-EH05,무선리모컨(냉난방전용),REMOTE,13915,13915,16000,16000,0,동일,고정액-시트불일치;예약행있음
AC100CS4FHH2SY,PC4NUFK1NW,판넬 4way 무풍 WIFI 내장,PANEL,104060,104060,128000,128000,0,동일,고정액-시트불일치;예약행있음
AC100CS4PBH2SY,AC100CN4PBH1,무풍 4way 냉난방 프레스티지 실내기,INDOOR,756810,757000,746000,746000,190,㉢,반올림단위;예약행있음
AC100CS4PBH2SY,AC100CXAPBH1,360 CST UV 실외기,OUTDOOR,1135215,1135025,1120000,1120000,-190,㉢,반올림단위;예약행있음
AC100CS4PBH2SY,AR-EH05,무선리모컨(냉난방전용),REMOTE,13915,13915,16000,16000,0,동일,고정액-시트불일치;예약행있음
AC100CS4PBH2SY,PC4NUFK1NW,판넬 4way 무풍 WIFI 내장,PANEL,104060,104060,128000,128000,0,동일,고정액-시트불일치;예약행있음
AC100CS4PHH2SY,AC100CN4PHH1,무풍 4way 냉난방 프레스티지 실내기,INDOOR,756810,757000,746000,746000,190,㉢,반올림단위;예약행있음
AC100CS4PHH2SY,AC100CXAPHH1,360 CST UV 실외기,OUTDOOR,1135215,1135025,1120000,1120000,-190,㉢,반올림단위;예약행있음
AC100CS4PHH2SY,AR-EH05,무선리모컨(냉난방전용),REMOTE,13915,13915,16000,16000,0,동일,고정액-시트불일치;예약행있음
AC100CS4PHH2SY,PC4NUFK1NW,판넬 4way 무풍 WIFI 내장,PANEL,104060,104060,128000,128000,0,동일,고정액-시트불일치;예약행있음
AC100CS6PBH1SY,AC100CN6PBH1,360 CST UV 실내기,INDOOR,828810,829000,818000,818000,190,㉢,반올림단위;예약행있음
AC100CS6PBH1SY,AC100CXAPBH1,360 CST UV 실외기,OUTDOOR,1243215,1243025,1228000,1228000,-190,㉢,반올림단위;예약행있음
AC100CS6PBH1SY,AR-EH05,무선리모컨(냉난방전용),REMOTE,13915,13915,16000,16000,0,동일,고정액-시트불일치;예약행있음
AC100CS6PBH1SY,PC6NUNK1NW,판넬 (360CST / 원형 / WIFI),PANEL,104060,104060,128000,128000,0,동일,고정액-시트불일치;예약행있음
AC100CS6PHH1SY,AC100CN6PBH1,360 CST UV 실내기,INDOOR,828810,829000,818000,818000,190,㉢,반올림단위;예약행있음
AC100CS6PHH1SY,AC100CXAPHH1,360 CST UV 실외기,OUTDOOR,1243215,1243025,1228000,1228000,-190,㉢,반올림단위;예약행있음
AC100CS6PHH1SY,AR-EH05,무선리모컨(냉난방전용),REMOTE,13915,13915,16000,16000,0,동일,고정액-시트불일치;예약행있음
AC100CS6PHH1SY,PC6NUNK1NW,판넬 (360CST / 원형 / WIFI),PANEL,104060,104060,128000,128000,0,동일,고정액-시트불일치;예약행있음
AC110BS4PBH7SY,AC110BN4PBH1,무풍 4way 냉난방 프리미엄 실내기,INDOOR,628810,629000,618000,618000,190,㉢,반올림단위;예약행있음
AC110BS4PBH7SY,AC110BXAPBH3,무풍 4way 냉난방 프리미엄 실외기,OUTDOOR,943215,943025,928000,928000,-190,㉢,반올림단위;예약행있음
AC110BS4PBH7SY,AR-EH05,무선리모컨(냉난방전용),REMOTE,13915,13915,16000,16000,0,동일,고정액-시트불일치;예약행있음
AC110BS4PBH7SY,PC4NUFK1NW,판넬 4way 무풍 WIFI 내장,PANEL,104060,104060,128000,128000,0,동일,고정액-시트불일치;예약행있음
AC110BS4PHH7SY,AC110BN4PBH1,무풍 4way 냉난방 프리미엄 실내기,INDOOR,628810,629000,618000,618000,190,㉢,반올림단위;예약행있음
AC110BS4PHH7SY,AC110BXAPHH3,무풍 4way 냉난방 프리미엄 실외기,OUTDOOR,943215,943025,928000,928000,-190,㉢,반올림단위;예약행있음
AC110BS4PHH7SY,AR-EH05,무선리모컨(냉난방전용),REMOTE,13915,13915,16000,16000,0,동일,고정액-시트불일치;예약행있음
AC110BS4PHH7SY,PC4NUFK1NW,판넬 4way 무풍 WIFI 내장,PANEL,104060,104060,128000,128000,0,동일,고정액-시트불일치;예약행있음
AC110CAMDBH1SY,AC110BXADBH1,싱글 덕트 단상 실외기,OUTDOOR,1340775,1340625,1334000,1334000,-150,㉢,반올림단위;예약행있음
AC110CAMDBH1SY,AC110CNMDHH1,싱글 덕트 단상 실내기,INDOOR,893850,894000,890000,890000,150,㉢,반올림단위;예약행있음
AC110CAMDBH1SY,AWR-WE13N,유선리모컨(통합),REMOTE,45375,45375,56000,56000,0,동일,고정액-시트불일치;예약행있음
AC110CAMDHH1SY,AC110BXADHH1,싱글 덕트 삼상 실외기,OUTDOOR,1340775,1340625,1334000,1334000,-150,㉢,반올림단위;예약행있음
AC110CAMDHH1SY,AC110CNMDHH1,싱글 덕트 단상 실내기,INDOOR,893850,894000,890000,890000,150,㉢,반올림단위;예약행있음
AC110CAMDHH1SY,AWR-WE13N,유선리모컨(통합),REMOTE,45375,45375,56000,56000,0,동일,고정액-시트불일치;예약행있음
AC110CS4DBC1SY,AC110CN4DBC1,무풍 4way 냉방전용 실내기,INDOOR,647976,648000,638000,638000,24,㉢,반올림단위;예약행있음
AC110CS4DBC1SY,AC110CXADBC1,무풍 4way 냉방전용 실외기,OUTDOOR,971964,971940,958000,958000,-24,㉢,반올림단위;예약행있음
AC110CS4DBC1SY,AR-EC05,무선리모컨(냉방전용),REMOTE,16000,16000,16000,16000,0,동일,예약행있음
AC110CS4DBC1SY,PC4NUFK1NW,판넬 4way 무풍 WIFI 내장,PANEL,104060,104060,128000,128000,0,동일,고정액-시트불일치;예약행있음
AC110CS4FBH2SY,AC110CN4FBH1,무풍 4way 냉난방 1등급 실내기,INDOOR,1024810,1025000,1014000,1014000,190,㉢,반올림단위;예약행있음
AC110CS4FBH2SY,AC110CXAFBH1,무풍 4way 냉난방 1등급 실외기,OUTDOOR,1537215,1537025,1522000,1522000,-190,㉢,반올림단위;예약행있음
AC110CS4FBH2SY,AR-EH05,무선리모컨(냉난방전용),REMOTE,13915,13915,16000,16000,0,동일,고정액-시트불일치;예약행있음
AC110CS4FBH2SY,PC4NUFK1NW,판넬 4way 무풍 WIFI 내장,PANEL,104060,104060,128000,128000,0,동일,고정액-시트불일치;예약행있음
AC110CS4FHH2SY,AC110CN4FBH1,무풍 4way 냉난방 1등급 실내기,INDOOR,1024810,1025000,1014000,1014000,190,㉢,반올림단위;예약행있음
AC110CS4FHH2SY,AC110CXAFHH1,무풍 4way 냉난방 1등급 실외기,OUTDOOR,1537215,1537025,1522000,1522000,-190,㉢,반올림단위;예약행있음
AC110CS4FHH2SY,AR-EH05,무선리모컨(냉난방전용),REMOTE,13915,13915,16000,16000,0,동일,고정액-시트불일치;예약행있음
AC110CS4FHH2SY,PC4NUFK1NW,판넬 4way 무풍 WIFI 내장,PANEL,104060,104060,128000,128000,0,동일,고정액-시트불일치;예약행있음
AC110CS4PBH2SY,AC110CN4PBH1,무풍 4way 냉난방 프레스티지 실내기,INDOOR,804810,805000,794000,794000,190,㉢,반올림단위;예약행있음
AC110CS4PBH2SY,AC110CXAPBH1,360 CST UV 실외기,OUTDOOR,1207215,1207025,1192000,1192000,-190,㉢,반올림단위;예약행있음
AC110CS4PBH2SY,AR-EH05,무선리모컨(냉난방전용),REMOTE,13915,13915,16000,16000,0,동일,고정액-시트불일치;예약행있음
AC110CS4PBH2SY,PC4NUFK1NW,판넬 4way 무풍 WIFI 내장,PANEL,104060,104060,128000,128000,0,동일,고정액-시트불일치;예약행있음
AC110CS4PHH2SY,AC110CN4PBH1,무풍 4way 냉난방 프레스티지 실내기,INDOOR,804810,805000,794000,794000,190,㉢,반올림단위;예약행있음
AC110CS4PHH2SY,AC110CXAPHH1,360 CST UV 실외기,OUTDOOR,1207215,1207025,1192000,1192000,-190,㉢,반올림단위;예약행있음
AC110CS4PHH2SY,AR-EH05,무선리모컨(냉난방전용),REMOTE,13915,13915,16000,16000,0,동일,고정액-시트불일치;예약행있음
AC110CS4PHH2SY,PC4NUFK1NW,판넬 4way 무풍 WIFI 내장,PANEL,104060,104060,128000,128000,0,동일,고정액-시트불일치;예약행있음
AC110CS6PBH1SY,AC110CN6PBH1,360 CST UV 실내기,INDOOR,884810,885000,874000,874000,190,㉢,반올림단위;예약행있음
AC110CS6PBH1SY,AC110CXAPBH1,360 CST UV 실외기,OUTDOOR,1327215,1327025,1312000,1312000,-190,㉢,반올림단위;예약행있음
AC110CS6PBH1SY,AR-EH05,무선리모컨(냉난방전용),REMOTE,13915,13915,16000,16000,0,동일,고정액-시트불일치;예약행있음
AC110CS6PBH1SY,PC6NUNK1NW,판넬 (360CST / 원형 / WIFI),PANEL,104060,104060,128000,128000,0,동일,고정액-시트불일치;예약행있음
AC110CS6PHH1SY,AC110CN6PBH1,360 CST UV 실내기,INDOOR,884810,885000,874000,874000,190,㉢,반올림단위;예약행있음
AC110CS6PHH1SY,AC110CXAPHH1,360 CST UV 실외기,OUTDOOR,1327215,1327025,1312000,1312000,-190,㉢,반올림단위;예약행있음
AC110CS6PHH1SY,AR-EH05,무선리모컨(냉난방전용),REMOTE,13915,13915,16000,16000,0,동일,고정액-시트불일치;예약행있음
AC110CS6PHH1SY,PC6NUNK1NW,판넬 (360CST / 원형 / WIFI),PANEL,104060,104060,128000,128000,0,동일,고정액-시트불일치;예약행있음
AC130BS4PBH7SY,AC130BN4PBH1,무풍 4way 냉난방 프리미엄 실내기,INDOOR,680810,681000,670000,670000,190,㉢,반올림단위;예약행있음
AC130BS4PBH7SY,AC130BXAPBH3,무풍 4way 냉난방 프리미엄 실외기,OUTDOOR,1021215,1021025,1006000,1006000,-190,㉢,반올림단위;예약행있음
AC130BS4PBH7SY,AR-EH05,무선리모컨(냉난방전용),REMOTE,13915,13915,16000,16000,0,동일,고정액-시트불일치;예약행있음
AC130BS4PBH7SY,PC4NUFK1NW,판넬 4way 무풍 WIFI 내장,PANEL,104060,104060,128000,128000,0,동일,고정액-시트불일치;예약행있음
AC130BS4PHH7SY,AC130BN4PBH1,무풍 4way 냉난방 프리미엄 실내기,INDOOR,680810,681000,670000,670000,190,㉢,반올림단위;예약행있음
AC130BS4PHH7SY,AC130BXAPHH3,무풍 4way 냉난방 프리미엄 실외기,OUTDOOR,1021215,1021025,1006000,1006000,-190,㉢,반올림단위;예약행있음
AC130BS4PHH7SY,AR-EH05,무선리모컨(냉난방전용),REMOTE,13915,13915,16000,16000,0,동일,고정액-시트불일치;예약행있음
AC130BS4PHH7SY,PC4NUFK1NW,판넬 4way 무풍 WIFI 내장,PANEL,104060,104060,128000,128000,0,동일,고정액-시트불일치;예약행있음
AC130BSCPHH2SY,AC130BNCPHH1,싱글 실링 실내기,INDOOR,686434,686000,686000,686000,-434,㉠,반올림단위;예약행있음
AC130BSCPHH2SY,AC130BXAPHH3,무풍 4way 냉난방 프리미엄 실외기,OUTDOOR,1029651,1030085,1028000,1028000,434,㉢,반올림단위;예약행있음
AC130BSCPHH2SY,AR-EH05,무선리모컨(냉난방전용),REMOTE,13915,13915,16000,16000,0,동일,고정액-시트불일치;예약행있음
AC130CS4FBH2SY,AC130CN4FBH1,무풍 4way 냉난방 1등급 실내기,INDOOR,1120810,1121000,1110000,1110000,190,㉢,반올림단위;예약행있음
AC130CS4FBH2SY,AC130CXAFBH1,무풍 4way 냉난방 1등급 실외기,OUTDOOR,1681215,1681025,1666000,1666000,-190,㉢,반올림단위;예약행있음
AC130CS4FBH2SY,AR-EH05,무선리모컨(냉난방전용),REMOTE,13915,13915,16000,16000,0,동일,고정액-시트불일치;예약행있음
AC130CS4FBH2SY,PC4NUFK1NW,판넬 4way 무풍 WIFI 내장,PANEL,104060,104060,128000,128000,0,동일,고정액-시트불일치;예약행있음
AC130CS4FHH2SY,AC130CN4FBH1,무풍 4way 냉난방 1등급 실내기,INDOOR,1120810,1121000,1110000,1110000,190,㉢,반올림단위;예약행있음
AC130CS4FHH2SY,AC130CXAFHH1,무풍 4way 냉난방 1등급 실외기,OUTDOOR,1681215,1681025,1666000,1666000,-190,㉢,반올림단위;예약행있음
AC130CS4FHH2SY,AR-EH05,무선리모컨(냉난방전용),REMOTE,13915,13915,16000,16000,0,동일,고정액-시트불일치;예약행있음
AC130CS4FHH2SY,PC4NUFK1NW,판넬 4way 무풍 WIFI 내장,PANEL,104060,104060,128000,128000,0,동일,고정액-시트불일치;예약행있음
AC130CS4PBH2SY,AC130CN4PBH1,무풍 4way 냉난방 프레스티지 실내기,INDOOR,860810,861000,850000,850000,190,㉢,반올림단위;예약행있음
AC130CS4PBH2SY,AC130CXAPBH1,360 CST UV 실외기,OUTDOOR,1291215,1291025,1276000,1276000,-190,㉢,반올림단위;예약행있음
AC130CS4PBH2SY,AR-EH05,무선리모컨(냉난방전용),REMOTE,13915,13915,16000,16000,0,동일,고정액-시트불일치;예약행있음
AC130CS4PBH2SY,PC4NUFK1NW,판넬 4way 무풍 WIFI 내장,PANEL,104060,104060,128000,128000,0,동일,고정액-시트불일치;예약행있음
AC130CS4PHH2SY,AC130CN4PHH1,무풍 4way 냉난방 프레스티지 실내기,INDOOR,860810,861000,850000,850000,190,㉢,반올림단위;예약행있음
AC130CS4PHH2SY,AC130CXAPHH1,360 CST UV 실외기,OUTDOOR,1291215,1291025,1276000,1276000,-190,㉢,반올림단위;예약행있음
AC130CS4PHH2SY,AR-EH05,무선리모컨(냉난방전용),REMOTE,13915,13915,16000,16000,0,동일,고정액-시트불일치;예약행있음
AC130CS4PHH2SY,PC4NUFK1NW,판넬 4way 무풍 WIFI 내장,PANEL,104060,104060,128000,128000,0,동일,고정액-시트불일치;예약행있음
AC130CS6PBH1SY,AC130CN6PBH1,360 CST UV 실내기,INDOOR,948810,949000,938000,938000,190,㉢,반올림단위;예약행있음
AC130CS6PBH1SY,AC130CXAPBH1,360 CST UV 실외기,OUTDOOR,1423215,1423025,1408000,1408000,-190,㉢,반올림단위;예약행있음
AC130CS6PBH1SY,AR-EH05,무선리모컨(냉난방전용),REMOTE,13915,13915,16000,16000,0,동일,고정액-시트불일치;예약행있음
AC130CS6PBH1SY,PC6NUNK1NW,판넬 (360CST / 원형 / WIFI),PANEL,104060,104060,128000,128000,0,동일,고정액-시트불일치;예약행있음
AC130CS6PHH1SY,AC130CN6PBH1,360 CST UV 실내기,INDOOR,948810,949000,938000,938000,190,㉢,반올림단위;예약행있음
AC130CS6PHH1SY,AC130CXAPHH1,360 CST UV 실외기,OUTDOOR,1423215,1423025,1408000,1408000,-190,㉢,반올림단위;예약행있음
AC130CS6PHH1SY,AR-EH05,무선리모컨(냉난방전용),REMOTE,13915,13915,16000,16000,0,동일,고정액-시트불일치;예약행있음
AC130CS6PHH1SY,PC6NUNK1NW,판넬 (360CST / 원형 / WIFI),PANEL,104060,104060,128000,128000,0,동일,고정액-시트불일치;예약행있음
AC145BS4PHH7SY,AC145BN4PHH1,무풍 4way 냉난방 프리미엄 실내기,INDOOR,736810,737000,726000,726000,190,㉢,반올림단위;예약행있음
AC145BS4PHH7SY,AC145BXAPHH5,무풍 4way 냉난방 프리미엄 실외기,OUTDOOR,1105215,1105025,1090000,1090000,-190,㉢,반올림단위;예약행있음
AC145BS4PHH7SY,AR-EH05,무선리모컨(냉난방전용),REMOTE,13915,13915,16000,16000,0,동일,고정액-시트불일치;예약행있음
AC145BS4PHH7SY,PC4NUFK1NW,판넬 4way 무풍 WIFI 내장,PANEL,104060,104060,128000,128000,0,동일,고정액-시트불일치;예약행있음
AC145BSCPHH2SY,AC145BNCPHH1,싱글 실링 실내기,INDOOR,738434,738000,738000,738000,-434,㉠,반올림단위;예약행있음
AC145BSCPHH2SY,AC145BXAPHH5,무풍 4way 냉난방 프리미엄 실외기,OUTDOOR,1107651,1108085,1106000,1106000,434,㉢,반올림단위;예약행있음
AC145BSCPHH2SY,AR-EH05,무선리모컨(냉난방전용),REMOTE,13915,13915,16000,16000,0,동일,고정액-시트불일치;예약행있음
AC145CAMDHH1SY,AC145BXADHH1,싱글 덕트 실외기,OUTDOOR,1382775,1382625,1376000,1376000,-150,㉢,반올림단위;예약행있음
AC145CAMDHH1SY,AC145CNMDHH1,싱글 덕트 실내기,INDOOR,921850,922000,918000,918000,150,㉢,반올림단위;예약행있음
AC145CAMDHH1SY,AWR-WE13N,유선리모컨(통합),REMOTE,45375,45375,56000,56000,0,동일,고정액-시트불일치;예약행있음
AC145CS4DBC1SY,AC145CN4DBC1,무풍 4way 냉방전용 실내기,INDOOR,747976,748000,738000,738000,24,㉢,반올림단위;예약행있음
AC145CS4DBC1SY,AC145CXADBC1,무풍 4way 냉방전용 실외기,OUTDOOR,1121964,1121940,1108000,1108000,-24,㉢,반올림단위;예약행있음
AC145CS4DBC1SY,AR-EC05,무선리모컨(냉방전용),REMOTE,16000,16000,16000,16000,0,동일,예약행있음
AC145CS4DBC1SY,PC4NUFK1NW,판넬 4way 무풍 WIFI 내장,PANEL,104060,104060,128000,128000,0,동일,고정액-시트불일치;예약행있음
AC145CS4FHH2SY,AC145CN4FHH1,무풍 4way 냉난방 1등급 실내기,INDOOR,1168810,1169000,1158000,1158000,190,㉢,반올림단위;예약행있음
AC145CS4FHH2SY,AC145CXAFHH1,무풍 4way 냉난방 1등급 실외기,OUTDOOR,1753215,1753025,1738000,1738000,-190,㉢,반올림단위;예약행있음
AC145CS4FHH2SY,AR-EH05,무선리모컨(냉난방전용),REMOTE,13915,13915,16000,16000,0,동일,고정액-시트불일치;예약행있음
AC145CS4FHH2SY,PC4NUFK1NW,판넬 4way 무풍 WIFI 내장,PANEL,104060,104060,128000,128000,0,동일,고정액-시트불일치;예약행있음
AC145CS4PHH2SY,AC145CN4PHH1,무풍 4way 냉난방 프레스티지 실내기,INDOOR,884810,885000,874000,874000,190,㉢,반올림단위;예약행있음
AC145CS4PHH2SY,AC145CXAPHH1,360 CST UV 실외기,OUTDOOR,1327215,1327025,1312000,1312000,-190,㉢,반올림단위;예약행있음
AC145CS4PHH2SY,AR-EH05,무선리모컨(냉난방전용),REMOTE,13915,13915,16000,16000,0,동일,고정액-시트불일치;예약행있음
AC145CS4PHH2SY,PC4NUFK1NW,판넬 4way 무풍 WIFI 내장,PANEL,104060,104060,128000,128000,0,동일,고정액-시트불일치;예약행있음
AC145CS6PHH1SY,AC145CN6PHH1,360 CST UV 실내기,INDOOR,928810,929000,918000,918000,190,㉢,반올림단위;예약행있음
AC145CS6PHH1SY,AC145CXAPHH1,360 CST UV 실외기,OUTDOOR,1393215,1393025,1378000,1378000,-190,㉢,반올림단위;예약행있음
AC145CS6PHH1SY,AR-EH05,무선리모컨(냉난방전용),REMOTE,13915,13915,16000,16000,0,동일,고정액-시트불일치;예약행있음
AC145CS6PHH1SY,PC6NUNK1NW,판넬 (360CST / 원형 / WIFI),PANEL,104060,104060,128000,128000,0,동일,고정액-시트불일치;예약행있음
AC160CS4DHH1SY,AC160CN4DHH1,무풍 4way 냉난방 프리미엄 실내기,INDOOR,1032810,1033000,1022000,1022000,190,㉢,반올림단위;예약행있음
AC160CS4DHH1SY,AC160CXADHH1,무풍 4way 냉난방 프리미엄 실외기,OUTDOOR,1549215,1549025,1534000,1534000,-190,㉢,반올림단위;예약행있음
AC160CS4DHH1SY,AR-EH05,무선리모컨(냉난방전용),REMOTE,13915,13915,16000,16000,0,동일,고정액-시트불일치;예약행있음
AC160CS4DHH1SY,PC4NUFK1NW,판넬 4way 무풍 WIFI 내장,PANEL,104060,104060,128000,128000,0,동일,고정액-시트불일치;예약행있음
AF17B6474GZRS,AF17B6470DCX,24년형 가정용 에어컨 유풍 화이트 실외기,OUTDOOR,456000,456000,456000,348000,0,동일,예약행있음
AF17B6474GZRS,AF17B6474GZN,24년형 가정용 에어컨 유풍 그레이 실내기,INDOOR,684000,684000,684000,792000,0,동일,예약행있음
AF17B6474GZRS,AR06A9170HNQ,24년형 가정용 에어컨 유풍 화이트 벽걸이,ACCESSORY,180000,180000,180000,180000,0,동일,예약행있음
AF17B6474GZS,AF17B6470DCX,24년형 가정용 에어컨 유풍 화이트 실외기,OUTDOOR,456000,456000,456000,456000,0,동일,
AF17B6474GZS,AF17B6474GZN,24년형 가정용 에어컨 유풍 그레이 실내기,INDOOR,684000,684000,684000,684000,0,동일,
AF17B6474TZRS,AF17B6470DCX,24년형 가정용 에어컨 유풍 화이트 실외기,OUTDOOR,456000,456000,456000,348000,0,동일,예약행있음
AF17B6474TZRS,AF17B6474TZN,24년형 가정용 에어컨 유풍 베이지 실내기,INDOOR,684000,684000,684000,792000,0,동일,예약행있음
AF17B6474TZRS,AR06A9170HNQ,24년형 가정용 에어컨 유풍 화이트 벽걸이,ACCESSORY,180000,180000,180000,180000,0,동일,예약행있음
AF17B6474TZS,AF17B6470DCX,24년형 가정용 에어컨 유풍 화이트 실외기,OUTDOOR,456000,456000,456000,456000,0,동일,
AF17B6474TZS,AF17B6474TZN,24년형 가정용 에어컨 유풍 베이지 실내기,INDOOR,684000,684000,684000,684000,0,동일,
AF17B6474WZRS,AF17B6470DCX,24년형 가정용 에어컨 유풍 화이트 실외기,OUTDOOR,456000,456000,456000,348000,0,동일,예약행있음
AF17B6474WZRS,AF17B6474WZN,24년형 가정용 에어컨 유풍 화이트 실내기,INDOOR,684000,684000,684000,792000,0,동일,예약행있음
AF17B6474WZRS,AR06A9170HNQ,24년형 가정용 에어컨 유풍 화이트 벽걸이,ACCESSORY,180000,180000,180000,180000,0,동일,예약행있음
AF17B6474WZS,AF17B6470DCX,24년형 가정용 에어컨 유풍 화이트 실외기,OUTDOOR,456000,456000,456000,456000,0,동일,
AF17B6474WZS,AF17B6474WZN,24년형 가정용 에어컨 유풍 화이트 실내기,INDOOR,684000,684000,684000,684000,0,동일,
AF17B7538GZRS,AF17B7530DCX,24년형 가정용 에어컨 무풍 화이트 실외기,OUTDOOR,588000,588000,588000,480000,0,동일,예약행있음
AF17B7538GZRS,AF17B7538GZN,24년형 가정용 에어컨 무풍 그레이 실내기,INDOOR,882000,882000,882000,990000,0,동일,예약행있음
AF17B7538GZRS,AR06B9150HNQ,24년형 가정용 에어컨 무풍 화이트 벽걸이,ACCESSORY,180000,180000,180000,180000,0,동일,예약행있음
AF17B7538GZS,AF17B7530DCX,24년형 가정용 에어컨 무풍 화이트 실외기,OUTDOOR,540000,540000,540000,540000,0,동일,
AF17B7538GZS,AF17B7538GZN,24년형 가정용 에어컨 무풍 그레이 실내기,INDOOR,810000,810000,810000,810000,0,동일,
AF17B7538TZRS,AF17B7530DCX,24년형 가정용 에어컨 무풍 화이트 실외기,OUTDOOR,588000,588000,588000,480000,0,동일,예약행있음
AF17B7538TZRS,AF17B7538TZN,24년형 가정용 에어컨 무풍 베이지 실내기,INDOOR,882000,882000,882000,990000,0,동일,예약행있음
AF17B7538TZRS,AR06B9150HNQ,24년형 가정용 에어컨 무풍 화이트 벽걸이,ACCESSORY,180000,180000,180000,180000,0,동일,예약행있음
AF17B7538TZS,AF17B7530DCX,24년형 가정용 에어컨 무풍 화이트 실외기,OUTDOOR,572000,572000,572000,572000,0,동일,
AF17B7538TZS,AF17B7538TZN,24년형 가정용 에어컨 무풍 베이지 실내기,INDOOR,858000,858000,858000,858000,0,동일,
AF17B7538WZRS,AF17B7530DCX,24년형 가정용 에어컨 무풍 화이트 실외기,OUTDOOR,588000,588000,588000,480000,0,동일,예약행있음
AF17B7538WZRS,AF17B7538WZN,24년형 가정용 에어컨 무풍 화이트 실내기,INDOOR,882000,882000,882000,990000,0,동일,예약행있음
AF17B7538WZRS,AR06B9150HNQ,24년형 가정용 에어컨 무풍 화이트 벽걸이,ACCESSORY,180000,180000,180000,180000,0,동일,예약행있음
AF17B7538WZS,AF17B7530DCX,24년형 가정용 에어컨 무풍 화이트 실외기,OUTDOOR,540000,540000,540000,540000,0,동일,
AF17B7538WZS,AF17B7538WZN,24년형 가정용 에어컨 무풍 화이트 실내기,INDOOR,810000,810000,810000,810000,0,동일,
AF17DX738WSRS,AF17DX730DCX,24년형 가정용 에어컨 무풍갤러리 화이트 실외기,OUTDOOR,762000,762000,762000,762000,0,동일,예약행있음
AF17DX738WSRS,AF17DX738WSN,24년형 가정용 에어컨 무풍갤러리 화이트 실내기,INDOOR,1143000,1143000,1143000,1143000,0,동일,예약행있음
AF17DX738WSRS,AFR-TC9D,24년형 가정용 에어컨 리모컨,REMOTE,45000,45000,45000,45000,0,동일,예약행있음
AF17DX738WSRS,AR06D9151HNQ,24년형 가정용 에어컨 무풍갤러리 화이트 벽걸이,ACCESSORY,250000,250000,250000,250000,0,동일,예약행있음
AF17DX738WSS,AF17DX730DCX,24년형 가정용 에어컨 무풍갤러리 화이트 실외기,OUTDOOR,762000,762000,762000,762000,0,동일,예약행있음
AF17DX738WSS,AF17DX738WSN,24년형 가정용 에어컨 무풍갤러리 화이트 실내기,INDOOR,1143000,1143000,1143000,1143000,0,동일,예약행있음
AF17DX738WSS,AFR-TC9D,24년형 가정용 에어컨 리모컨,REMOTE,45000,45000,45000,45000,0,동일,예약행있음
AF19B6474GZRS,AF19B6470DBX,24년형 가정용 에어컨 유풍 화이트 실외기,OUTDOOR,480000,480000,480000,372000,0,동일,예약행있음
AF19B6474GZRS,AF19B6474GZN,24년형 가정용 에어컨 유풍 그레이 실내기,INDOOR,720000,720000,720000,828000,0,동일,예약행있음
AF19B6474GZRS,AR06A9170HNQ,24년형 가정용 에어컨 유풍 화이트 벽걸이,ACCESSORY,180000,180000,180000,180000,0,동일,예약행있음
AF19B6474GZS,AF19B6470DBX,24년형 가정용 에어컨 유풍 화이트 실외기,OUTDOOR,480000,480000,480000,480000,0,동일,
AF19B6474GZS,AF19B6474GZN,24년형 가정용 에어컨 유풍 그레이 실내기,INDOOR,720000,720000,720000,720000,0,동일,
AF19B6474TZRS,AF19B6470DBX,24년형 가정용 에어컨 유풍 화이트 실외기,OUTDOOR,508000,508000,508000,400000,0,동일,예약행있음
AF19B6474TZRS,AF19B6474TZN,24년형 가정용 에어컨 유풍 베이지 실내기,INDOOR,762000,762000,762000,870000,0,동일,예약행있음
AF19B6474TZRS,AR06A9170HNQ,24년형 가정용 에어컨 유풍 화이트 벽걸이,ACCESSORY,180000,180000,180000,180000,0,동일,예약행있음
AF19B6474TZS,AF19B6470DBX,24년형 가정용 에어컨 유풍 화이트 실외기,OUTDOOR,508000,508000,508000,508000,0,동일,
AF19B6474TZS,AF19B6474TZN,24년형 가정용 에어컨 유풍 베이지 실내기,INDOOR,762000,762000,762000,762000,0,동일,
AF19B6474WZRS,AF19B6470DBX,24년형 가정용 에어컨 유풍 화이트 실외기,OUTDOOR,508000,508000,508000,400000,0,동일,예약행있음
AF19B6474WZRS,AF19B6474WZN,24년형 가정용 에어컨 유풍 화이트 실내기,INDOOR,762000,762000,762000,870000,0,동일,예약행있음
AF19B6474WZRS,AR06A9170HNQ,24년형 가정용 에어컨 유풍 화이트 벽걸이,ACCESSORY,180000,180000,180000,180000,0,동일,예약행있음
AF19B6474WZS,AF19B6470DBX,24년형 가정용 에어컨 유풍 화이트 실외기,OUTDOOR,480000,480000,480000,480000,0,동일,
AF19B6474WZS,AF19B6474WZN,24년형 가정용 에어컨 유풍 화이트 실내기,INDOOR,720000,720000,720000,720000,0,동일,
AF19B7534GZRS,AF19B7530DBX,24년형 가정용 에어컨 무풍 화이트 실외기,OUTDOOR,648000,648000,648000,540000,0,동일,예약행있음
AF19B7534GZRS,AF19B7534GZN,24년형 가정용 에어컨 무풍 그레이 실내기,INDOOR,972000,972000,972000,1080000,0,동일,예약행있음
AF19B7534GZRS,AR06B9150HNQ,24년형 가정용 에어컨 무풍 화이트 벽걸이,ACCESSORY,180000,180000,180000,180000,0,동일,예약행있음
AF19B7534GZS,AF19B7530DBX,24년형 가정용 에어컨 무풍 화이트 실외기,OUTDOOR,640000,640000,640000,640000,0,동일,
AF19B7534GZS,AF19B7534GZN,24년형 가정용 에어컨 무풍 그레이 실내기,INDOOR,960000,960000,960000,960000,0,동일,
AF19B7534TZRS,AF19B7530DBX,24년형 가정용 에어컨 무풍 화이트 실외기,OUTDOOR,648000,648000,648000,540000,0,동일,예약행있음
AF19B7534TZRS,AF19B7534TZN,24년형 가정용 에어컨 무풍 베이지 실내기,INDOOR,972000,972000,972000,1080000,0,동일,예약행있음
AF19B7534TZRS,AR06B9150HNQ,24년형 가정용 에어컨 무풍 화이트 벽걸이,ACCESSORY,180000,180000,180000,180000,0,동일,예약행있음
AF19B7534TZS,AF19B7530DBX,24년형 가정용 에어컨 무풍 화이트 실외기,OUTDOOR,640000,640000,640000,640000,0,동일,
AF19B7534TZS,AF19B7534TZN,24년형 가정용 에어컨 무풍 베이지 실내기,INDOOR,960000,960000,960000,960000,0,동일,
AF19B7534WZRS,AF19B7530DBX,24년형 가정용 에어컨 무풍 화이트 실외기,OUTDOOR,648000,648000,648000,540000,0,동일,예약행있음
AF19B7534WZRS,AF19B7534WZN,24년형 가정용 에어컨 무풍 화이트 실내기,INDOOR,972000,972000,972000,1080000,0,동일,예약행있음
AF19B7534WZRS,AR06B9150HNQ,24년형 가정용 에어컨 무풍 화이트 벽걸이,ACCESSORY,180000,180000,180000,180000,0,동일,예약행있음
AF19B7534WZS,AF19B7530DBX,24년형 가정용 에어컨 무풍 화이트 실외기,OUTDOOR,640000,640000,640000,640000,0,동일,
AF19B7534WZS,AF19B7534WZN,24년형 가정용 에어컨 무풍 화이트 실내기,INDOOR,960000,960000,960000,960000,0,동일,
AF19DX838VSRS,AF19DX830DBX,24년형 가정용 에어컨 무풍갤러리 화이트 실외기,OUTDOOR,802000,802000,802000,802000,0,동일,예약행있음
AF19DX838VSRS,AF19DX838VSN,24년형 가정용 에어컨 무풍갤러리 베이지 실내기,INDOOR,1203000,1203000,1203000,1203000,0,동일,예약행있음
AF19DX838VSRS,AFR-TC9D,24년형 가정용 에어컨 리모컨,REMOTE,45000,45000,45000,45000,0,동일,예약행있음
AF19DX838VSRS,AR06D9151HNQ,24년형 가정용 에어컨 무풍갤러리 화이트 벽걸이,ACCESSORY,250000,250000,250000,250000,0,동일,예약행있음
AF19DX838VSS,AF19DX830DBX,24년형 가정용 에어컨 무풍갤러리 화이트 실외기,OUTDOOR,802000,802000,802000,802000,0,동일,예약행있음
AF19DX838VSS,AF19DX838VSN,24년형 가정용 에어컨 무풍갤러리 베이지 실내기,INDOOR,1203000,1203000,1203000,1203000,0,동일,예약행있음
AF19DX838VSS,AFR-TC9D,24년형 가정용 에어컨 리모컨,REMOTE,45000,45000,45000,45000,0,동일,예약행있음
AF19DX838WSRS,AF19DX830DBX,24년형 가정용 에어컨 무풍갤러리 화이트 실외기,OUTDOOR,802000,802000,802000,802000,0,동일,예약행있음
AF19DX838WSRS,AF19DX838WSN,24년형 가정용 에어컨 무풍갤러리 화이트 실내기,INDOOR,1203000,1203000,1203000,1203000,0,동일,예약행있음
AF19DX838WSRS,AFR-TC9D,24년형 가정용 에어컨 리모컨,REMOTE,45000,45000,45000,45000,0,동일,예약행있음
AF19DX838WSRS,AR06D9151HNQ,24년형 가정용 에어컨 무풍갤러리 화이트 벽걸이,ACCESSORY,250000,250000,250000,250000,0,동일,예약행있음
AF19DX838WSS,AF19DX830DBX,24년형 가정용 에어컨 무풍갤러리 화이트 실외기,OUTDOOR,802000,802000,802000,802000,0,동일,예약행있음
AF19DX838WSS,AF19DX838WSN,24년형 가정용 에어컨 무풍갤러리 화이트 실내기,INDOOR,1203000,1203000,1203000,1203000,0,동일,예약행있음
AF19DX838WSS,AFR-TC9D,24년형 가정용 에어컨 리모컨,REMOTE,45000,45000,45000,45000,0,동일,예약행있음
AF60F17D11BRS,AF60F17D11BN,가정용 에어컨 Q9000 베이지 실내기,INDOOR,649200,649000,649000,769000,-200,㉢,반올림단위;예약행있음
AF60F17D11BRS,AF60F17D1QBX,가정용 에어컨 Q9000 화이트 실외기,OUTDOOR,432800,433000,433000,313000,200,㉢,반올림단위;예약행있음
AF60F17D11BRS,AFR-QC3F,가정용 스탠드 리모컨,REMOTE,34000,34000,34000,34000,0,동일,예약행있음
AF60F17D11BRS,AR60F06D1A0Q,가정용 에어컨 Q9000 화이트 벽걸이,ACCESSORY,200000,200000,200000,200000,0,동일,예약행있음
AF60F17D11BRS,ARR-WK8F,가정용 벽걸이 리모컨,REMOTE,34000,34000,34000,34000,0,동일,예약행있음
AF60F17D11BS,AF60F17D11BN,가정용 에어컨 Q9000 베이지 실내기,INDOOR,669600,670000,670000,670000,400,㉠,반올림단위;예약행있음
AF60F17D11BS,AF60F17D1QBX,가정용 에어컨 Q9000 화이트 실외기,OUTDOOR,446400,446000,446000,446000,-400,㉠,반올림단위;예약행있음
AF60F17D11BS,AFR-QC3F,가정용 스탠드 리모컨,REMOTE,34000,34000,34000,34000,0,동일,예약행있음
AF60F17D11GRS,AF60F17D11GN,가정용 에어컨 Q9000 그레이 실내기,INDOOR,649200,649000,649000,769000,-200,㉢,반올림단위;예약행있음
AF60F17D11GRS,AF60F17D1QBX,가정용 에어컨 Q9000 화이트 실외기,OUTDOOR,432800,433000,433000,313000,200,㉢,반올림단위;예약행있음
AF60F17D11GRS,AFR-QC3F,가정용 스탠드 리모컨,REMOTE,34000,34000,34000,34000,0,동일,예약행있음
AF60F17D11GRS,AR60F06D1A0Q,가정용 에어컨 Q9000 화이트 벽걸이,ACCESSORY,200000,200000,200000,200000,0,동일,예약행있음
AF60F17D11GRS,ARR-WK8F,가정용 벽걸이 리모컨,REMOTE,34000,34000,34000,34000,0,동일,예약행있음
AF60F17D11GS,AF60F17D11GN,가정용 에어컨 Q9000 그레이 실내기,INDOOR,669600,670000,670000,670000,400,㉠,반올림단위;예약행있음
AF60F17D11GS,AF60F17D1QBX,가정용 에어컨 Q9000 화이트 실외기,OUTDOOR,446400,446000,446000,446000,-400,㉠,반올림단위;예약행있음
AF60F17D11GS,AFR-QC3F,가정용 스탠드 리모컨,REMOTE,34000,34000,34000,34000,0,동일,예약행있음
AF60F17D11LRS,AF60F17D11LN,가정용 에어컨 Q9000 블루 실내기,INDOOR,649200,649000,649000,769000,-200,㉢,반올림단위;예약행있음
AF60F17D11LRS,AF60F17D1QBX,가정용 에어컨 Q9000 화이트 실외기,OUTDOOR,432800,433000,433000,313000,200,㉢,반올림단위;예약행있음
AF60F17D11LRS,AFR-QC3F,가정용 스탠드 리모컨,REMOTE,34000,34000,34000,34000,0,동일,예약행있음
AF60F17D11LRS,AR60F06D1A0Q,가정용 에어컨 Q9000 화이트 벽걸이,ACCESSORY,200000,200000,200000,200000,0,동일,예약행있음
AF60F17D11LRS,ARR-WK8F,가정용 벽걸이 리모컨,REMOTE,34000,34000,34000,34000,0,동일,예약행있음
AF60F17D11LS,AF60F17D11LN,가정용 에어컨 Q9000 블루 실내기,INDOOR,669600,670000,670000,670000,400,㉠,반올림단위;예약행있음
AF60F17D11LS,AF60F17D1QBX,가정용 에어컨 Q9000 화이트 실외기,OUTDOOR,446400,446000,446000,446000,-400,㉠,반올림단위;예약행있음
AF60F17D11LS,AFR-QC3F,가정용 스탠드 리모컨,REMOTE,34000,34000,34000,34000,0,동일,예약행있음
AF60F17D11WRS,AF60F17D11WN,가정용 에어컨 Q9000 화이트 실내기,INDOOR,649200,649000,649000,769000,-200,㉢,반올림단위;예약행있음
AF60F17D11WRS,AF60F17D1QBX,가정용 에어컨 Q9000 화이트 실외기,OUTDOOR,432800,433000,433000,313000,200,㉢,반올림단위;예약행있음
AF60F17D11WRS,AFR-QC3F,가정용 스탠드 리모컨,REMOTE,34000,34000,34000,34000,0,동일,예약행있음
AF60F17D11WRS,AR60F06D1A0Q,가정용 에어컨 Q9000 화이트 벽걸이,ACCESSORY,200000,200000,200000,200000,0,동일,예약행있음
AF60F17D11WRS,ARR-WK8F,가정용 벽걸이 리모컨,REMOTE,34000,34000,34000,34000,0,동일,예약행있음
AF60F17D11WS,AF60F17D11WN,가정용 에어컨 Q9000 화이트 실내기,INDOOR,669600,670000,670000,670000,400,㉠,반올림단위;예약행있음
AF60F17D11WS,AF60F17D1QBX,가정용 에어컨 Q9000 화이트 실외기,OUTDOOR,446400,446000,446000,446000,-400,㉠,반올림단위;예약행있음
AF60F17D11WS,AFR-QC3F,가정용 스탠드 리모컨,REMOTE,34000,34000,34000,34000,0,동일,예약행있음
AF60F19D11BRS,AF60F19D11BN,가정용 에어컨 Q9000 베이지 실내기,INDOOR,721200,721000,721000,841000,-200,㉢,반올림단위;예약행있음
AF60F19D11BRS,AF60F19D1PBX,가정용 에어컨 Q9000 화이트 실외기,OUTDOOR,480800,481000,481000,361000,200,㉢,반올림단위;예약행있음
AF60F19D11BRS,AFR-QC3F,가정용 스탠드 리모컨,REMOTE,34000,34000,34000,34000,0,동일,예약행있음
AF60F19D11BRS,AR60F06D1A0Q,가정용 에어컨 Q9000 화이트 벽걸이,ACCESSORY,200000,200000,200000,200000,0,동일,예약행있음
AF60F19D11BRS,ARR-WK8F,가정용 벽걸이 리모컨,REMOTE,34000,34000,34000,34000,0,동일,예약행있음
AF60F19D11BS,AF60F19D11BN,가정용 에어컨 Q9000 베이지 실내기,INDOOR,741600,742000,742000,742000,400,㉠,반올림단위;예약행있음
AF60F19D11BS,AF60F19D1PBX,가정용 에어컨 Q9000 화이트 실외기,OUTDOOR,494400,494000,494000,494000,-400,㉠,반올림단위;예약행있음
AF60F19D11BS,AFR-QC3F,가정용 스탠드 리모컨,REMOTE,34000,34000,34000,34000,0,동일,예약행있음
AF60F19D11GRS,AF60F19D11GN,가정용 에어컨 Q9000 그레이 실내기,INDOOR,721200,721000,721000,841000,-200,㉢,반올림단위;예약행있음
AF60F19D11GRS,AF60F19D1PBX,가정용 에어컨 Q9000 화이트 실외기,OUTDOOR,480800,481000,481000,361000,200,㉢,반올림단위;예약행있음
AF60F19D11GRS,AFR-QC3F,가정용 스탠드 리모컨,REMOTE,34000,34000,34000,34000,0,동일,예약행있음
AF60F19D11GRS,AR60F06D1A0Q,가정용 에어컨 Q9000 화이트 벽걸이,ACCESSORY,200000,200000,200000,200000,0,동일,예약행있음
AF60F19D11GRS,ARR-WK8F,가정용 벽걸이 리모컨,REMOTE,34000,34000,34000,34000,0,동일,예약행있음
AF60F19D11GS,AF60F19D11GN,가정용 에어컨 Q9000 그레이 실내기,INDOOR,741600,742000,742000,742000,400,㉠,반올림단위;예약행있음
AF60F19D11GS,AF60F19D1PBX,가정용 에어컨 Q9000 화이트 실외기,OUTDOOR,494400,494000,494000,494000,-400,㉠,반올림단위;예약행있음
AF60F19D11GS,AFR-QC3F,가정용 스탠드 리모컨,REMOTE,34000,34000,34000,34000,0,동일,예약행있음
AF60F19D11LRS,AF60F19D11LN,가정용 에어컨 Q9000 블루 실내기,INDOOR,709200,709000,709000,829000,-200,㉢,반올림단위;예약행있음
AF60F19D11LRS,AF60F19D1PBX,가정용 에어컨 Q9000 화이트 실외기,OUTDOOR,472800,473000,473000,353000,200,㉢,반올림단위;예약행있음
AF60F19D11LRS,AFR-QC3F,가정용 스탠드 리모컨,REMOTE,34000,34000,34000,34000,0,동일,예약행있음
AF60F19D11LRS,AR60F06D1A0Q,가정용 에어컨 Q9000 화이트 벽걸이,ACCESSORY,200000,200000,200000,200000,0,동일,예약행있음
AF60F19D11LRS,ARR-WK8F,가정용 벽걸이 리모컨,REMOTE,34000,34000,34000,34000,0,동일,예약행있음
AF60F19D11LS,AF60F19D11LN,가정용 에어컨 Q9000 블루 실내기,INDOOR,729600,730000,730000,730000,400,㉠,반올림단위;예약행있음
AF60F19D11LS,AF60F19D1PBX,가정용 에어컨 Q9000 화이트 실외기,OUTDOOR,486400,486000,486000,486000,-400,㉠,반올림단위;예약행있음
AF60F19D11LS,AFR-QC3F,가정용 스탠드 리모컨,REMOTE,34000,34000,34000,34000,0,동일,예약행있음
AF60F19D11WRS,AF60F19D11WN,가정용 에어컨 Q9000 화이트 실내기,INDOOR,721200,721000,721000,841000,-200,㉢,반올림단위;예약행있음
AF60F19D11WRS,AF60F19D1PBX,가정용 에어컨 Q9000 화이트 실외기,OUTDOOR,480800,481000,481000,361000,200,㉢,반올림단위;예약행있음
AF60F19D11WRS,AFR-QC3F,가정용 스탠드 리모컨,REMOTE,34000,34000,34000,34000,0,동일,예약행있음
AF60F19D11WRS,AR60F06D1A0Q,가정용 에어컨 Q9000 화이트 벽걸이,ACCESSORY,200000,200000,200000,200000,0,동일,예약행있음
AF60F19D11WRS,ARR-WK8F,가정용 벽걸이 리모컨,REMOTE,34000,34000,34000,34000,0,동일,예약행있음
AF60F19D11WS,AF60F19D11WN,가정용 에어컨 Q9000 화이트 실내기,INDOOR,741600,742000,742000,742000,400,㉠,반올림단위;예약행있음
AF60F19D11WS,AF60F19D1PBX,가정용 에어컨 Q9000 화이트 실외기,OUTDOOR,494400,494000,494000,494000,-400,㉠,반올림단위;예약행있음
AF60F19D11WS,AFR-QC3F,가정용 스탠드 리모컨,REMOTE,34000,34000,34000,34000,0,동일,예약행있음
AF70F17D11BRS,AF70F17D11BN,가정용 에어컨 무풍클래식 베이지 실내기,INDOOR,829200,829000,829000,949000,-200,㉢,반올림단위;예약행있음
AF70F17D11BRS,AF70F17D1QBX,가정용 에어컨 무풍클래식 화이트 실외기,OUTDOOR,552800,553000,553000,433000,200,㉢,반올림단위;예약행있음
AF70F17D11BRS,AFR-BC3F,가정용 스탠드 리모컨,REMOTE,34000,34000,34000,34000,0,동일,예약행있음
AF70F17D11BRS,AR60F06D1A0Q,가정용 에어컨 Q9000 화이트 벽걸이,ACCESSORY,200000,200000,200000,200000,0,동일,예약행있음
AF70F17D11BRS,ARR-WK8F,가정용 벽걸이 리모컨,REMOTE,34000,34000,34000,34000,0,동일,예약행있음
AF70F17D11BS,AF70F17D11BN,가정용 에어컨 무풍클래식 베이지 실내기,INDOOR,849600,850000,850000,850000,400,㉠,반올림단위;예약행있음
AF70F17D11BS,AF70F17D1QBX,가정용 에어컨 무풍클래식 화이트 실외기,OUTDOOR,566400,566000,566000,566000,-400,㉠,반올림단위;예약행있음
AF70F17D11BS,AFR-BC3F,가정용 스탠드 리모컨,REMOTE,34000,34000,34000,34000,0,동일,예약행있음
AF70F17D11GRS,AF70F17D11GN,가정용 에어컨 무풍클래식 그레이 실내기,INDOOR,829200,829000,829000,949000,-200,㉢,반올림단위;예약행있음
AF70F17D11GRS,AF70F17D1QBX,가정용 에어컨 무풍클래식 화이트 실외기,OUTDOOR,552800,553000,553000,433000,200,㉢,반올림단위;예약행있음
AF70F17D11GRS,AFR-BC3F,가정용 스탠드 리모컨,REMOTE,34000,34000,34000,34000,0,동일,예약행있음
AF70F17D11GRS,AR60F06D1A0Q,가정용 에어컨 Q9000 화이트 벽걸이,ACCESSORY,200000,200000,200000,200000,0,동일,예약행있음
AF70F17D11GRS,ARR-WK8F,가정용 벽걸이 리모컨,REMOTE,34000,34000,34000,34000,0,동일,예약행있음
AF70F17D11GS,AF70F17D11GN,가정용 에어컨 무풍클래식 그레이 실내기,INDOOR,849600,850000,850000,850000,400,㉠,반올림단위;예약행있음
AF70F17D11GS,AF70F17D1QBX,가정용 에어컨 무풍클래식 화이트 실외기,OUTDOOR,566400,566000,566000,566000,-400,㉠,반올림단위;예약행있음
AF70F17D11GS,AFR-BC3F,가정용 스탠드 리모컨,REMOTE,34000,34000,34000,34000,0,동일,예약행있음
AF70F17D11LRS,AF70F17D11LN,가정용 에어컨 무풍클래식 블루 실내기,INDOOR,829200,829000,829000,949000,-200,㉢,반올림단위;예약행있음
AF70F17D11LRS,AF70F17D1QBX,가정용 에어컨 무풍클래식 화이트 실외기,OUTDOOR,552800,553000,553000,433000,200,㉢,반올림단위;예약행있음
AF70F17D11LRS,AFR-BC3F,가정용 스탠드 리모컨,REMOTE,34000,34000,34000,34000,0,동일,예약행있음
AF70F17D11LRS,AR60F06D1A0Q,가정용 에어컨 Q9000 화이트 벽걸이,ACCESSORY,200000,200000,200000,200000,0,동일,예약행있음
AF70F17D11LRS,ARR-WK8F,가정용 벽걸이 리모컨,REMOTE,34000,34000,34000,34000,0,동일,예약행있음
AF70F17D11LS,AF70F17D11LN,가정용 에어컨 무풍클래식 블루 실내기,INDOOR,849600,850000,850000,850000,400,㉠,반올림단위;예약행있음
AF70F17D11LS,AF70F17D1QBX,가정용 에어컨 무풍클래식 화이트 실외기,OUTDOOR,566400,566000,566000,566000,-400,㉠,반올림단위;예약행있음
AF70F17D11LS,AFR-BC3F,가정용 스탠드 리모컨,REMOTE,34000,34000,34000,34000,0,동일,예약행있음
AF70F17D11WRS,AF70F17D11WN,가정용 에어컨 무풍클래식 화이트 실내기,INDOOR,829200,829000,829000,949000,-200,㉢,반올림단위;예약행있음
AF70F17D11WRS,AF70F17D1QBX,가정용 에어컨 무풍클래식 화이트 실외기,OUTDOOR,552800,553000,553000,433000,200,㉢,반올림단위;예약행있음
AF70F17D11WRS,AFR-BC3F,가정용 스탠드 리모컨,REMOTE,34000,34000,34000,34000,0,동일,예약행있음
AF70F17D11WRS,AR60F06D1A0Q,가정용 에어컨 Q9000 화이트 벽걸이,ACCESSORY,200000,200000,200000,200000,0,동일,예약행있음
AF70F17D11WRS,ARR-WK8F,가정용 벽걸이 리모컨,REMOTE,34000,34000,34000,34000,0,동일,예약행있음
AF70F17D11WS,AF70F17D11WN,가정용 에어컨 무풍클래식 화이트 실내기,INDOOR,849600,850000,850000,850000,400,㉠,반올림단위;예약행있음
AF70F17D11WS,AF70F17D1QBX,가정용 에어컨 무풍클래식 화이트 실외기,OUTDOOR,566400,566000,566000,566000,-400,㉠,반올림단위;예약행있음
AF70F17D11WS,AFR-BC3F,가정용 스탠드 리모컨,REMOTE,34000,34000,34000,34000,0,동일,예약행있음
AF70F17D24ERS,AF70F17D24EN,가정용 에어컨 무풍클래식 무청 산토리니 베이지 실내기,INDOOR,1009200,1009000,1009000,1129000,-200,㉢,반올림단위;예약행있음
AF70F17D24ERS,AF70F17D2QBX,가정용 에어컨 무풍클래식 세미 메탈릭 실버 실외기,OUTDOOR,672800,673000,673000,553000,200,㉢,반올림단위;예약행있음
AF70F17D24ERS,AFR-BC9F,가정용 스탠드 리모컨,REMOTE,34000,34000,34000,34000,0,동일,예약행있음
AF70F17D24ERS,AR60F06D1A0Q,가정용 에어컨 Q9000 화이트 벽걸이,ACCESSORY,200000,200000,200000,200000,0,동일,예약행있음
AF70F17D24ERS,ARR-WK8F,가정용 벽걸이 리모컨,REMOTE,34000,34000,34000,34000,0,동일,예약행있음
AF70F17D24ES,AF70F17D24EN,가정용 에어컨 무풍클래식 무청 산토리니 베이지 실내기,INDOOR,1041600,1042000,1042000,1042000,400,㉠,반올림단위;예약행있음
AF70F17D24ES,AF70F17D2QBX,가정용 에어컨 무풍클래식 세미 메탈릭 실버 실외기,OUTDOOR,694400,694000,694000,694000,-400,㉠,반올림단위;예약행있음
AF70F17D24ES,AFR-BC9F,가정용 스탠드 리모컨,REMOTE,34000,34000,34000,34000,0,동일,예약행있음
AF70F17D24IRS,AF70F17D24IN,가정용 에어컨 무풍클래식 무청 메탈릭 화이트 실내기,INDOOR,1009200,1009000,1009000,1129000,-200,㉢,반올림단위;예약행있음
AF70F17D24IRS,AF70F17D2QBX,가정용 에어컨 무풍클래식 세미 메탈릭 실버 실외기,OUTDOOR,672800,673000,673000,553000,200,㉢,반올림단위;예약행있음
AF70F17D24IRS,AFR-BC9F,가정용 스탠드 리모컨,REMOTE,34000,34000,34000,34000,0,동일,예약행있음
AF70F17D24IRS,AR60F06D1A0Q,가정용 에어컨 Q9000 화이트 벽걸이,ACCESSORY,200000,200000,200000,200000,0,동일,예약행있음
AF70F17D24IRS,ARR-WK8F,가정용 벽걸이 리모컨,REMOTE,34000,34000,34000,34000,0,동일,예약행있음
AF70F17D24IS,AF70F17D24IN,가정용 에어컨 무풍클래식 무청 메탈릭 화이트 실내기,INDOOR,1041600,1042000,1042000,1042000,400,㉠,반올림단위;예약행있음
AF70F17D24IS,AF70F17D2QBX,가정용 에어컨 무풍클래식 세미 메탈릭 실버 실외기,OUTDOOR,694400,694000,694000,694000,-400,㉠,반올림단위;예약행있음
AF70F17D24IS,AFR-BC9F,가정용 스탠드 리모컨,REMOTE,34000,34000,34000,34000,0,동일,예약행있음
AF70F17D24LRS,AF70F17D24LN,가정용 에어컨 무풍클래식 무청 메탈릭 블루 실내기,INDOOR,1033200,1033000,1033000,1153000,-200,㉢,반올림단위;예약행있음
AF70F17D24LRS,AF70F17D2QBX,가정용 에어컨 무풍클래식 세미 메탈릭 실버 실외기,OUTDOOR,688800,689000,689000,569000,200,㉢,반올림단위;예약행있음
AF70F17D24LRS,AFR-BC9F,가정용 스탠드 리모컨,REMOTE,34000,34000,34000,34000,0,동일,예약행있음
AF70F17D24LRS,AR60F06D1A0Q,가정용 에어컨 Q9000 화이트 벽걸이,ACCESSORY,200000,200000,200000,200000,0,동일,예약행있음
AF70F17D24LRS,ARR-WK8F,가정용 벽걸이 리모컨,REMOTE,34000,34000,34000,34000,0,동일,예약행있음
AF70F17D24LS,AF70F17D24LN,가정용 에어컨 무풍클래식 무청 메탈릭 블루 실내기,INDOOR,1065600,1066000,1066000,1066000,400,㉠,반올림단위;예약행있음
AF70F17D24LS,AF70F17D2QBX,가정용 에어컨 무풍클래식 세미 메탈릭 실버 실외기,OUTDOOR,710400,710000,710000,710000,-400,㉠,반올림단위;예약행있음
AF70F17D24LS,AFR-BC9F,가정용 스탠드 리모컨,REMOTE,34000,34000,34000,34000,0,동일,예약행있음
AF70F17D24WRS,AF70F17D24WN,가정용 에어컨 무풍클래식 무청 메탈릭 실버 실내기,INDOOR,1033200,1033000,1033000,1153000,-200,㉢,반올림단위;예약행있음
AF70F17D24WRS,AF70F17D2QBX,가정용 에어컨 무풍클래식 세미 메탈릭 실버 실외기,OUTDOOR,688800,689000,689000,569000,200,㉢,반올림단위;예약행있음
AF70F17D24WRS,AFR-BC9F,가정용 스탠드 리모컨,REMOTE,34000,34000,34000,34000,0,동일,예약행있음
AF70F17D24WRS,AR60F06D1A0Q,가정용 에어컨 Q9000 화이트 벽걸이,ACCESSORY,200000,200000,200000,200000,0,동일,예약행있음
AF70F17D24WRS,ARR-WK8F,가정용 벽걸이 리모컨,REMOTE,34000,34000,34000,34000,0,동일,예약행있음
AF70F17D24WS,AF70F17D24WN,가정용 에어컨 무풍클래식 무청 메탈릭 실버 실내기,INDOOR,1065600,1066000,1066000,1066000,400,㉠,반올림단위;예약행있음
AF70F17D24WS,AF70F17D2QBX,가정용 에어컨 무풍클래식 세미 메탈릭 실버 실외기,OUTDOOR,710400,710000,710000,710000,-400,㉠,반올림단위;예약행있음
AF70F17D24WS,AFR-BC9F,가정용 스탠드 리모컨,REMOTE,34000,34000,34000,34000,0,동일,예약행있음
AF70F17D25BRS,AF70F17D25BN,가정용 에어컨 무풍클래식 세미 산토리니 베이지 실내기,INDOOR,1117200,1117000,1117000,1237000,-200,㉢,반올림단위;예약행있음
AF70F17D25BRS,AF70F17D2QBX,가정용 에어컨 무풍클래식 세미 메탈릭 실버 실외기,OUTDOOR,744800,745000,745000,625000,200,㉢,반올림단위;예약행있음
AF70F17D25BRS,AFR-BC9F,가정용 스탠드 리모컨,REMOTE,34000,34000,34000,34000,0,동일,예약행있음
AF70F17D25BRS,AR60F06D1A0Q,가정용 에어컨 Q9000 화이트 벽걸이,ACCESSORY,200000,200000,200000,200000,0,동일,예약행있음
AF70F17D25BRS,ARR-WK8F,가정용 벽걸이 리모컨,REMOTE,34000,34000,34000,34000,0,동일,예약행있음
AF70F17D25BS,AF70F17D25BN,가정용 에어컨 무풍클래식 세미 산토리니 베이지 실내기,INDOOR,1149600,1150000,1150000,1150000,400,㉠,반올림단위;예약행있음
AF70F17D25BS,AF70F17D2QBX,가정용 에어컨 무풍클래식 세미 메탈릭 실버 실외기,OUTDOOR,766400,766000,766000,766000,-400,㉠,반올림단위;예약행있음
AF70F17D25BS,AFR-BC9F,가정용 스탠드 리모컨,REMOTE,34000,34000,34000,34000,0,동일,예약행있음
AF70F17D25WRS,AF70F17D25WN,가정용 에어컨 무풍클래식 세미 메탈릭 실버 실내기,INDOOR,1117200,1117000,1117000,1237000,-200,㉢,반올림단위;예약행있음
AF70F17D25WRS,AF70F17D2QBX,가정용 에어컨 무풍클래식 세미 메탈릭 실버 실외기,OUTDOOR,744800,745000,745000,625000,200,㉢,반올림단위;예약행있음
AF70F17D25WRS,AFR-BC9F,가정용 스탠드 리모컨,REMOTE,34000,34000,34000,34000,0,동일,예약행있음
AF70F17D25WRS,AR60F06D1A0Q,가정용 에어컨 Q9000 화이트 벽걸이,ACCESSORY,200000,200000,200000,200000,0,동일,예약행있음
AF70F17D25WRS,ARR-WK8F,가정용 벽걸이 리모컨,REMOTE,34000,34000,34000,34000,0,동일,예약행있음
AF70F17D25WS,AF70F17D25WN,가정용 에어컨 무풍클래식 세미 메탈릭 실버 실내기,INDOOR,1149600,1150000,1150000,1150000,400,㉠,반올림단위;예약행있음
AF70F17D25WS,AF70F17D2QBX,가정용 에어컨 무풍클래식 세미 메탈릭 실버 실외기,OUTDOOR,766400,766000,766000,766000,-400,㉠,반올림단위;예약행있음
AF70F17D25WS,AFR-BC9F,가정용 스탠드 리모컨,REMOTE,34000,34000,34000,34000,0,동일,예약행있음
AF70F19D11BRS,AF70F19D11BN,가정용 에어컨 무풍클래식 베이지 실내기,INDOOR,919200,919000,919000,1039000,-200,㉢,반올림단위;예약행있음
AF70F19D11BRS,AF70F19D1PBX,가정용 에어컨 무풍클래식 화이트 실외기,OUTDOOR,612800,613000,613000,493000,200,㉢,반올림단위;예약행있음
AF70F19D11BRS,AFR-BC3F,가정용 스탠드 리모컨,REMOTE,34000,34000,34000,34000,0,동일,예약행있음
AF70F19D11BRS,AR60F06D1A0Q,가정용 에어컨 Q9000 화이트 벽걸이,ACCESSORY,200000,200000,200000,200000,0,동일,예약행있음
AF70F19D11BRS,ARR-WK8F,가정용 벽걸이 리모컨,REMOTE,34000,34000,34000,34000,0,동일,예약행있음
AF70F19D11BS,AF70F19D11BN,가정용 에어컨 무풍클래식 베이지 실내기,INDOOR,939600,940000,940000,940000,400,㉠,반올림단위;예약행있음
AF70F19D11BS,AF70F19D1PBX,가정용 에어컨 무풍클래식 화이트 실외기,OUTDOOR,626400,626000,626000,626000,-400,㉠,반올림단위;예약행있음
AF70F19D11BS,AFR-BC3F,가정용 스탠드 리모컨,REMOTE,34000,34000,34000,34000,0,동일,예약행있음
AF70F19D11GRS,AF70F19D11GN,가정용 에어컨 무풍클래식 그레이 실내기,INDOOR,919200,919000,919000,1039000,-200,㉢,반올림단위;예약행있음
AF70F19D11GRS,AF70F19D1PBX,가정용 에어컨 무풍클래식 화이트 실외기,OUTDOOR,612800,613000,613000,493000,200,㉢,반올림단위;예약행있음
AF70F19D11GRS,AFR-BC3F,가정용 스탠드 리모컨,REMOTE,34000,34000,34000,34000,0,동일,예약행있음
AF70F19D11GRS,AR60F06D1A0Q,가정용 에어컨 Q9000 화이트 벽걸이,ACCESSORY,200000,200000,200000,200000,0,동일,예약행있음
AF70F19D11GRS,ARR-WK8F,가정용 벽걸이 리모컨,REMOTE,34000,34000,34000,34000,0,동일,예약행있음
AF70F19D11GS,AF70F19D11GN,가정용 에어컨 무풍클래식 그레이 실내기,INDOOR,939600,940000,940000,940000,400,㉠,반올림단위;예약행있음
AF70F19D11GS,AF70F19D1PBX,가정용 에어컨 무풍클래식 화이트 실외기,OUTDOOR,626400,626000,626000,626000,-400,㉠,반올림단위;예약행있음
AF70F19D11GS,AFR-BC3F,가정용 스탠드 리모컨,REMOTE,34000,34000,34000,34000,0,동일,예약행있음
AF70F19D11LRS,AF70F19D11LN,가정용 에어컨 무풍클래식 블루 실내기,INDOOR,919200,919000,919000,1039000,-200,㉢,반올림단위;예약행있음
AF70F19D11LRS,AF70F19D1PBX,가정용 에어컨 무풍클래식 화이트 실외기,OUTDOOR,612800,613000,613000,493000,200,㉢,반올림단위;예약행있음
AF70F19D11LRS,AFR-BC3F,가정용 스탠드 리모컨,REMOTE,34000,34000,34000,34000,0,동일,예약행있음
AF70F19D11LRS,AR60F06D1A0Q,가정용 에어컨 Q9000 화이트 벽걸이,ACCESSORY,200000,200000,200000,200000,0,동일,예약행있음
AF70F19D11LRS,ARR-WK8F,가정용 벽걸이 리모컨,REMOTE,34000,34000,34000,34000,0,동일,예약행있음
AF70F19D11LS,AF70F19D11LN,가정용 에어컨 무풍클래식 블루 실내기,INDOOR,939600,940000,940000,940000,400,㉠,반올림단위;예약행있음
AF70F19D11LS,AF70F19D1PBX,가정용 에어컨 무풍클래식 화이트 실외기,OUTDOOR,626400,626000,626000,626000,-400,㉠,반올림단위;예약행있음
AF70F19D11LS,AFR-BC3F,가정용 스탠드 리모컨,REMOTE,34000,34000,34000,34000,0,동일,예약행있음
AF70F19D11WRS,AF70F19D11WN,가정용 에어컨 무풍클래식 화이트 실내기,INDOOR,919200,919000,919000,1039000,-200,㉢,반올림단위;예약행있음
AF70F19D11WRS,AF70F19D1PBX,가정용 에어컨 무풍클래식 화이트 실외기,OUTDOOR,612800,613000,613000,493000,200,㉢,반올림단위;예약행있음
AF70F19D11WRS,AFR-BC3F,가정용 스탠드 리모컨,REMOTE,34000,34000,34000,34000,0,동일,예약행있음
AF70F19D11WRS,AR60F06D1A0Q,가정용 에어컨 Q9000 화이트 벽걸이,ACCESSORY,200000,200000,200000,200000,0,동일,예약행있음
AF70F19D11WRS,ARR-WK8F,가정용 벽걸이 리모컨,REMOTE,34000,34000,34000,34000,0,동일,예약행있음
AF70F19D11WS,AF70F19D11WN,가정용 에어컨 무풍클래식 화이트 실내기,INDOOR,939600,940000,940000,940000,400,㉠,반올림단위;예약행있음
AF70F19D11WS,AF70F19D1PBX,가정용 에어컨 무풍클래식 화이트 실외기,OUTDOOR,626400,626000,626000,626000,-400,㉠,반올림단위;예약행있음
AF70F19D11WS,AFR-BC3F,가정용 스탠드 리모컨,REMOTE,34000,34000,34000,34000,0,동일,예약행있음
AF70F19D24ERS,AF70F19D24EN,가정용 에어컨 무풍클래식 무청 산토리니 베이지 실내기,INDOOR,1099200,1099000,1099000,1219000,-200,㉢,반올림단위;예약행있음
AF70F19D24ERS,AF70F19D2PBX,가정용 에어컨 무풍클래식 세미 메탈릭 실버 실외기,OUTDOOR,732800,733000,733000,613000,200,㉢,반올림단위;예약행있음
AF70F19D24ERS,AFR-BC9F,가정용 스탠드 리모컨,REMOTE,34000,34000,34000,34000,0,동일,예약행있음
AF70F19D24ERS,AR60F06D1A0Q,가정용 에어컨 Q9000 화이트 벽걸이,ACCESSORY,200000,200000,200000,200000,0,동일,예약행있음
AF70F19D24ERS,ARR-WK8F,가정용 벽걸이 리모컨,REMOTE,34000,34000,34000,34000,0,동일,예약행있음
AF70F19D24ES,AF70F19D24EN,가정용 에어컨 무풍클래식 무청 산토리니 베이지 실내기,INDOOR,1131600,1132000,1132000,1132000,400,㉠,반올림단위;예약행있음
AF70F19D24ES,AF70F19D2PBX,가정용 에어컨 무풍클래식 세미 메탈릭 실버 실외기,OUTDOOR,754400,754000,754000,754000,-400,㉠,반올림단위;예약행있음
AF70F19D24ES,AFR-BC9F,가정용 스탠드 리모컨,REMOTE,34000,34000,34000,34000,0,동일,예약행있음
AF70F19D24IRS,AF70F19D24IN,가정용 에어컨 무풍클래식 무청 메탈릭 화이트 실내기,INDOOR,1099200,1099000,1099000,1219000,-200,㉢,반올림단위;예약행있음
AF70F19D24IRS,AF70F19D2PBX,가정용 에어컨 무풍클래식 세미 메탈릭 실버 실외기,OUTDOOR,732800,733000,733000,613000,200,㉢,반올림단위;예약행있음
AF70F19D24IRS,AFR-BC9F,가정용 스탠드 리모컨,REMOTE,34000,34000,34000,34000,0,동일,예약행있음
AF70F19D24IRS,AR60F06D1A0Q,가정용 에어컨 Q9000 화이트 벽걸이,ACCESSORY,200000,200000,200000,200000,0,동일,예약행있음
AF70F19D24IRS,ARR-WK8F,가정용 벽걸이 리모컨,REMOTE,34000,34000,34000,34000,0,동일,예약행있음
AF70F19D24IS,AF70F19D24IN,가정용 에어컨 무풍클래식 무청 메탈릭 화이트 실내기,INDOOR,1131600,1132000,1132000,1132000,400,㉠,반올림단위;예약행있음
AF70F19D24IS,AF70F19D2PBX,가정용 에어컨 무풍클래식 세미 메탈릭 실버 실외기,OUTDOOR,754400,754000,754000,754000,-400,㉠,반올림단위;예약행있음
AF70F19D24IS,AFR-BC9F,가정용 스탠드 리모컨,REMOTE,34000,34000,34000,34000,0,동일,예약행있음
AF70F19D24LRS,AF70F19D24LN,가정용 에어컨 무풍클래식 무청 메탈릭 블루 실내기,INDOOR,1117200,1117000,1117000,1237000,-200,㉢,반올림단위;예약행있음
AF70F19D24LRS,AF70F19D2PBX,가정용 에어컨 무풍클래식 세미 메탈릭 실버 실외기,OUTDOOR,744800,745000,745000,625000,200,㉢,반올림단위;예약행있음
AF70F19D24LRS,AFR-BC9F,가정용 스탠드 리모컨,REMOTE,34000,34000,34000,34000,0,동일,예약행있음
AF70F19D24LRS,AR60F06D1A0Q,가정용 에어컨 Q9000 화이트 벽걸이,ACCESSORY,200000,200000,200000,200000,0,동일,예약행있음
AF70F19D24LRS,ARR-WK8F,가정용 벽걸이 리모컨,REMOTE,34000,34000,34000,34000,0,동일,예약행있음
AF70F19D24LS,AF70F19D24LN,가정용 에어컨 무풍클래식 무청 메탈릭 블루 실내기,INDOOR,1149600,1150000,1150000,1150000,400,㉠,반올림단위;예약행있음
AF70F19D24LS,AF70F19D2PBX,가정용 에어컨 무풍클래식 세미 메탈릭 실버 실외기,OUTDOOR,766400,766000,766000,766000,-400,㉠,반올림단위;예약행있음
AF70F19D24LS,AFR-BC9F,가정용 스탠드 리모컨,REMOTE,34000,34000,34000,34000,0,동일,예약행있음
AF70F19D24RRS,AF70F19D24RN,가정용 에어컨 무풍클래식 무청 메탈릭 로즈골드 실내기,INDOOR,1117200,1117000,1117000,1237000,-200,㉢,반올림단위;예약행있음
AF70F19D24RRS,AF70F19D2PBX,가정용 에어컨 무풍클래식 세미 메탈릭 실버 실외기,OUTDOOR,744800,745000,745000,625000,200,㉢,반올림단위;예약행있음
AF70F19D24RRS,AFR-BC9F,가정용 스탠드 리모컨,REMOTE,34000,34000,34000,34000,0,동일,예약행있음
AF70F19D24RRS,AR60F06D1A0Q,가정용 에어컨 Q9000 화이트 벽걸이,ACCESSORY,200000,200000,200000,200000,0,동일,예약행있음
AF70F19D24RRS,ARR-WK8F,가정용 벽걸이 리모컨,REMOTE,34000,34000,34000,34000,0,동일,예약행있음
AF70F19D24RS,AF70F19D24RN,가정용 에어컨 무풍클래식 무청 메탈릭 로즈골드 실내기,INDOOR,1149600,1150000,1150000,1150000,400,㉠,반올림단위;예약행있음
AF70F19D24RS,AF70F19D2PBX,가정용 에어컨 무풍클래식 세미 메탈릭 실버 실외기,OUTDOOR,766400,766000,766000,766000,-400,㉠,반올림단위;예약행있음
AF70F19D24RS,AFR-BC9F,가정용 스탠드 리모컨,REMOTE,34000,34000,34000,34000,0,동일,예약행있음
AF70F19D25BRS,AF70F19D25BN,가정용 에어컨 무풍클래식 세미 산토리니 베이지 실내기,INDOOR,1207200,1207000,1207000,1327000,-200,㉢,반올림단위;예약행있음
AF70F19D25BRS,AF70F19D2PBX,가정용 에어컨 무풍클래식 세미 메탈릭 실버 실외기,OUTDOOR,804800,805000,805000,685000,200,㉢,반올림단위;예약행있음
AF70F19D25BRS,AFR-BC9F,가정용 스탠드 리모컨,REMOTE,34000,34000,34000,34000,0,동일,예약행있음
AF70F19D25BRS,AR60F06D1A0Q,가정용 에어컨 Q9000 화이트 벽걸이,ACCESSORY,200000,200000,200000,200000,0,동일,예약행있음
AF70F19D25BRS,ARR-WK8F,가정용 벽걸이 리모컨,REMOTE,34000,34000,34000,34000,0,동일,예약행있음
AF70F19D25BS,AF70F19D25BN,가정용 에어컨 무풍클래식 세미 산토리니 베이지 실내기,INDOOR,1239600,1240000,1240000,1240000,400,㉠,반올림단위;예약행있음
AF70F19D25BS,AF70F19D2PBX,가정용 에어컨 무풍클래식 세미 메탈릭 실버 실외기,OUTDOOR,826400,826000,826000,826000,-400,㉠,반올림단위;예약행있음
AF70F19D25BS,AFR-BC9F,가정용 스탠드 리모컨,REMOTE,34000,34000,34000,34000,0,동일,예약행있음
AF70F19D25WRS,AF70F19D25WN,가정용 에어컨 무풍클래식 세미 메탈릭 실버 실내기,INDOOR,1207200,1207000,1207000,1327000,-200,㉢,반올림단위;예약행있음
AF70F19D25WRS,AF70F19D2PBX,가정용 에어컨 무풍클래식 세미 메탈릭 실버 실외기,OUTDOOR,804800,805000,805000,685000,200,㉢,반올림단위;예약행있음
AF70F19D25WRS,AFR-BC9F,가정용 스탠드 리모컨,REMOTE,34000,34000,34000,34000,0,동일,예약행있음
AF70F19D25WRS,AR60F06D1A0Q,가정용 에어컨 Q9000 화이트 벽걸이,ACCESSORY,200000,200000,200000,200000,0,동일,예약행있음
AF70F19D25WRS,ARR-WK8F,가정용 벽걸이 리모컨,REMOTE,34000,34000,34000,34000,0,동일,예약행있음
AF70F19D25WS,AF70F19D25WN,가정용 에어컨 무풍클래식 세미 메탈릭 실버 실내기,INDOOR,1239600,1240000,1240000,1240000,400,㉠,반올림단위;예약행있음
AF70F19D25WS,AF70F19D2PBX,가정용 에어컨 무풍클래식 세미 메탈릭 실버 실외기,OUTDOOR,826400,826000,826000,826000,-400,㉠,반올림단위;예약행있음
AF70F19D25WS,AFR-BC9F,가정용 스탠드 리모컨,REMOTE,34000,34000,34000,34000,0,동일,예약행있음
AF80F18D27CRS,AF80F18D21BX,가정용 에어컨 무풍갤러리 공청 에센셜 화이트 실외기,OUTDOOR,1002400,1002000,1002000,843000,-400,㉢,반올림단위;예약행있음
AF80F18D27CRS,AF80F18D27CN,가정용 에어컨 무풍갤러리 공청 에센셜 샴페인 실내기,INDOOR,1503600,1504000,1504000,1663000,400,㉢,반올림단위;예약행있음
AF80F18D27CRS,AFR-TC9F,가정용 스탠드 리모컨,REMOTE,34000,34000,34000,34000,0,동일,예약행있음
AF80F18D27CRS,AR60F06D1A1Q,가정용 에어컨 무풍갤러리 공청 에센셜 샴페인 벽걸이,ACCESSORY,266000,266000,266000,266000,0,동일,예약행있음
AF80F18D27CRS,ARR-WK8F,가정용 벽걸이 리모컨,REMOTE,34000,34000,34000,34000,0,동일,예약행있음
AF80F18D27CS,AF80F18D21BX,가정용 에어컨 무풍갤러리 공청 에센셜 화이트 실외기,OUTDOOR,1034400,1034000,1034000,1034000,-400,㉠,반올림단위;예약행있음
AF80F18D27CS,AF80F18D27CN,가정용 에어컨 무풍갤러리 공청 에센셜 샴페인 실내기,INDOOR,1551600,1552000,1552000,1552000,400,㉠,반올림단위;예약행있음
AF80F18D27CS,AFR-TC9F,가정용 스탠드 리모컨,REMOTE,34000,34000,34000,34000,0,동일,예약행있음
AF80F18D28WRS,AF80F18D21BX,가정용 에어컨 무풍갤러리 공청 에센셜 화이트 실외기,OUTDOOR,1125200,1125000,1125000,886000,-200,㉢,반올림단위;예약행있음
AF80F18D28WRS,AF80F18D28WN,가정용 에어컨 무풍갤러리 공청 에센셜 화이트 실내기,INDOOR,1687800,1688000,1688000,1927000,200,㉢,반올림단위;예약행있음
AF80F18D28WRS,AFR-TC9F,가정용 스탠드 리모컨,REMOTE,34000,34000,34000,34000,0,동일,예약행있음
AF80F18D28WRS,AR80F06D2A1Q,가정용 에어컨 무풍갤러리 e헤파 에센셜 화이트 벽걸이,ACCESSORY,399000,399000,399000,399000,0,동일,예약행있음
AF80F18D28WRS,ARR-PK8F,가정용 벽걸이 리모컨,REMOTE,34000,34000,34000,34000,0,동일,예약행있음
AF80F18D28WS,AF80F18D21BX,가정용 에어컨 무풍갤러리 공청 에센셜 화이트 실외기,OUTDOOR,1158400,1158000,1158000,1158000,-400,㉠,반올림단위;예약행있음
AF80F18D28WS,AF80F18D28WN,가정용 에어컨 무풍갤러리 공청 에센셜 화이트 실내기,INDOOR,1737600,1738000,1738000,1738000,400,㉠,반올림단위;예약행있음
AF80F18D28WS,AFR-TC9F,가정용 스탠드 리모컨,REMOTE,34000,34000,34000,34000,0,동일,예약행있음
AF80F20D27CRS,AF80F20D27CN,가정용 에어컨 무풍갤러리 공청 에센셜 샴페인 실내기,INDOOR,1749600,1750000,1750000,1909000,400,㉢,반올림단위;예약행있음
AF80F20D27CRS,AF80F20D2PBX,가정용 에어컨 무풍갤러리 공청 에센셜 화이트 실외기,OUTDOOR,1166400,1166000,1166000,1007000,-400,㉢,반올림단위;예약행있음
AF80F20D27CRS,AFR-TC9F,가정용 스탠드 리모컨,REMOTE,34000,34000,34000,34000,0,동일,예약행있음
AF80F20D27CRS,AR60F06D1A1Q,가정용 에어컨 무풍갤러리 공청 에센셜 샴페인 벽걸이,ACCESSORY,266000,266000,266000,266000,0,동일,예약행있음
AF80F20D27CRS,ARR-WK8F,가정용 벽걸이 리모컨,REMOTE,34000,34000,34000,34000,0,동일,예약행있음
AF80F20D27CS,AF80F20D27CN,가정용 에어컨 무풍갤러리 공청 에센셜 샴페인 실내기,INDOOR,1797600,1798000,1798000,1798000,400,㉠,반올림단위;예약행있음
AF80F20D27CS,AF80F20D2PBX,가정용 에어컨 무풍갤러리 공청 에센셜 화이트 실외기,OUTDOOR,1198400,1198000,1198000,1198000,-400,㉠,반올림단위;예약행있음
AF80F20D27CS,AFR-TC9F,가정용 스탠드 리모컨,REMOTE,34000,34000,34000,34000,0,동일,예약행있음
AF80F20D28WRS,AF80F20D28WN,가정용 에어컨 무풍갤러리 공청 에센셜 화이트 실내기,INDOOR,1933800,1934000,1934000,2173000,200,㉢,반올림단위;예약행있음
AF80F20D28WRS,AF80F20D2PBX,가정용 에어컨 무풍갤러리 공청 에센셜 화이트 실외기,OUTDOOR,1289200,1289000,1289000,1050000,-200,㉢,반올림단위;예약행있음
AF80F20D28WRS,AFR-TC9F,가정용 스탠드 리모컨,REMOTE,34000,34000,34000,34000,0,동일,예약행있음
AF80F20D28WRS,AR80F06D2A1Q,가정용 에어컨 무풍갤러리 e헤파 에센셜 화이트 벽걸이,ACCESSORY,399000,399000,399000,399000,0,동일,예약행있음
AF80F20D28WRS,ARR-PK8F,가정용 벽걸이 리모컨,REMOTE,34000,34000,34000,34000,0,동일,예약행있음
AF80F20D28WS,AF80F20D28WN,가정용 에어컨 무풍갤러리 공청 에센셜 화이트 실내기,INDOOR,1983600,1984000,1984000,1984000,400,㉠,반올림단위;예약행있음
AF80F20D28WS,AF80F20D2PBX,가정용 에어컨 무풍갤러리 공청 에센셜 화이트 실외기,OUTDOOR,1322400,1322000,1322000,1322000,-400,㉠,반올림단위;예약행있음
AF80F20D28WS,AFR-TC9F,가정용 스탠드 리모컨,REMOTE,34000,34000,34000,34000,0,동일,예약행있음
AF80F25D28BRS,AF80F25D28BN,가정용 에어컨 무풍갤러리 공청 에센셜 베이지 실내기,INDOOR,2599800,2600000,2600000,2839000,200,㉢,반올림단위;예약행있음
AF80F25D28BRS,AF80F25D2PBX,가정용 에어컨 무풍갤러리 e헤파 에센셜 화이트 실외기,OUTDOOR,1733200,1733000,1733000,1494000,-200,㉢,반올림단위;예약행있음
AF80F25D28BRS,AFR-TC9F,가정용 스탠드 리모컨,REMOTE,34000,34000,34000,34000,0,동일,예약행있음
AF80F25D28BRS,AR80F06D2A1Q,가정용 에어컨 무풍갤러리 e헤파 에센셜 화이트 벽걸이,ACCESSORY,399000,399000,399000,399000,0,동일,예약행있음
AF80F25D28BRS,ARR-PK8F,가정용 벽걸이 리모컨,REMOTE,34000,34000,34000,34000,0,동일,예약행있음
AF80F25D28BS,AF80F25D28BN,가정용 에어컨 무풍갤러리 공청 에센셜 베이지 실내기,INDOOR,2649600,2650000,2650000,2650000,400,㉠,반올림단위;예약행있음
AF80F25D28BS,AF80F25D2PBX,가정용 에어컨 무풍갤러리 e헤파 에센셜 화이트 실외기,OUTDOOR,1766400,1766000,1766000,1766000,-400,㉠,반올림단위;예약행있음
AF80F25D28BS,AFR-TC9F,가정용 스탠드 리모컨,REMOTE,34000,34000,34000,34000,0,동일,예약행있음
AF80F25D29WRS,AF80F25D29WN,가정용 에어컨 무풍갤러리 e헤파 에센셜 화이트 실내기,INDOOR,2773800,2774000,2774000,3013000,200,㉢,반올림단위;예약행있음
AF80F25D29WRS,AF80F25D2PBX,가정용 에어컨 무풍갤러리 e헤파 에센셜 화이트 실외기,OUTDOOR,1849200,1849000,1849000,1610000,-200,㉢,반올림단위;예약행있음
AF80F25D29WRS,AFR-TC9F,가정용 스탠드 리모컨,REMOTE,34000,34000,34000,34000,0,동일,예약행있음
AF80F25D29WRS,AR80F06D2A1Q,가정용 에어컨 무풍갤러리 e헤파 에센셜 화이트 벽걸이,ACCESSORY,399000,399000,399000,399000,0,동일,예약행있음
AF80F25D29WRS,ARR-PK8F,가정용 벽걸이 리모컨,REMOTE,34000,34000,34000,34000,0,동일,예약행있음
AF80F25D29WS,AF80F25D29WN,가정용 에어컨 무풍갤러리 e헤파 에센셜 화이트 실내기,INDOOR,2823600,2824000,2824000,2824000,400,㉠,반올림단위;예약행있음
AF80F25D29WS,AF80F25D2PBX,가정용 에어컨 무풍갤러리 e헤파 에센셜 화이트 실외기,OUTDOOR,1882400,1882000,1882000,1882000,-400,㉠,반올림단위;예약행있음
AF80F25D29WS,AFR-TC9F,가정용 스탠드 리모컨,REMOTE,34000,34000,34000,34000,0,동일,예약행있음
AF90H17D24GRS,AF90H17D0QBX,가정용 에어컨 무풍콤보 갤러리프로 세미 에센셜 화이트 실외기,OUTDOOR,889200,889000,889000,717000,-200,㉢,반올림단위;예약행있음
AF90H17D24GRS,AF90H17D24GN,가정용 에어컨 무풍콤보 갤러리프로 무청 미스티 그레이 실내기,INDOOR,1333800,1334000,1334000,1506000,200,㉢,반올림단위;예약행있음
AF90H17D24GRS,AR70H06D1A1Q,가정용 에어컨 무풍콤보 갤러리프로 세미 에센셜 화이트 벽걸이,ACCESSORY,287000,287000,287000,287000,0,동일,예약행있음
AF90H17D24GS,AF90H17D0QBX,가정용 에어컨 무풍콤보 갤러리프로 세미 에센셜 화이트 실외기,OUTDOOR,888000,888000,888000,888000,0,동일,
AF90H17D24GS,AF90H17D24GN,가정용 에어컨 무풍콤보 갤러리프로 무청 미스티 그레이 실내기,INDOOR,1332000,1332000,1332000,1332000,0,동일,
AF90H17D24SRS,AF90H17D0QBX,가정용 에어컨 무풍콤보 갤러리프로 세미 에센셜 화이트 실외기,OUTDOOR,889200,889000,889000,717000,-200,㉢,반올림단위;예약행있음
AF90H17D24SRS,AF90H17D24SN,가정용 에어컨 무풍콤보 갤러리프로 무청 사틴 그레이지 실내기,INDOOR,1333800,1334000,1334000,1506000,200,㉢,반올림단위;예약행있음
AF90H17D24SRS,AR70H06D1A1Q,가정용 에어컨 무풍콤보 갤러리프로 세미 에센셜 화이트 벽걸이,ACCESSORY,287000,287000,287000,287000,0,동일,예약행있음
AF90H17D24SS,AF90H17D0QBX,가정용 에어컨 무풍콤보 갤러리프로 세미 에센셜 화이트 실외기,OUTDOOR,888000,888000,888000,888000,0,동일,
AF90H17D24SS,AF90H17D24SN,가정용 에어컨 무풍콤보 갤러리프로 무청 사틴 그레이지 실내기,INDOOR,1332000,1332000,1332000,1332000,0,동일,
AF90H17D27GRS,AF90H17D01BX,가정용 에어컨 무풍콤보 갤러리프로 세미 에센셜 화이트 실외기,OUTDOOR,977200,977000,977000,805000,-200,㉢,반올림단위;예약행있음
AF90H17D27GRS,AF90H17D27GN,가정용 에어컨 무풍콤보 갤러리프로 무청 미스티 그레이 실내기,INDOOR,1465800,1466000,1466000,1638000,200,㉢,반올림단위;예약행있음
AF90H17D27GRS,AR70H06D1A1Q,가정용 에어컨 무풍콤보 갤러리프로 세미 에센셜 화이트 벽걸이,ACCESSORY,287000,287000,287000,287000,0,동일,예약행있음
AF90H17D27GS,AF90H17D01BX,가정용 에어컨 무풍콤보 갤러리프로 세미 에센셜 화이트 실외기,OUTDOOR,976000,976000,976000,976000,0,동일,
AF90H17D27GS,AF90H17D27GN,가정용 에어컨 무풍콤보 갤러리프로 무청 미스티 그레이 실내기,INDOOR,1464000,1464000,1464000,1464000,0,동일,
AF90H17D27SRS,AF90H17D01BX,가정용 에어컨 무풍콤보 갤러리프로 세미 에센셜 화이트 실외기,OUTDOOR,977200,977000,977000,805000,-200,㉢,반올림단위;예약행있음
AF90H17D27SRS,AF90H17D27SN,가정용 에어컨 무풍콤보 갤러리프로 무청 사틴 그레이지 실내기,INDOOR,1465800,1466000,1466000,1638000,200,㉢,반올림단위;예약행있음
AF90H17D27SRS,AR70H06D1A1Q,가정용 에어컨 무풍콤보 갤러리프로 세미 에센셜 화이트 벽걸이,ACCESSORY,287000,287000,287000,287000,0,동일,예약행있음
AF90H17D27SS,AF90H17D01BX,가정용 에어컨 무풍콤보 갤러리프로 세미 에센셜 화이트 실외기,OUTDOOR,976000,976000,976000,976000,0,동일,
AF90H17D27SS,AF90H17D27SN,가정용 에어컨 무풍콤보 갤러리프로 무청 사틴 그레이지 실내기,INDOOR,1464000,1464000,1464000,1464000,0,동일,
AF90H17D35ERS,AF90H17D0QBX,가정용 에어컨 무풍콤보 갤러리프로 세미 에센셜 화이트 실외기,OUTDOOR,977200,977000,977000,805000,-200,㉢,반올림단위;예약행있음
AF90H17D35ERS,AF90H17D35EN,가정용 에어컨 무풍콤보 갤러리프로 세미 에센셜 플럼 실내기,INDOOR,1465800,1466000,1466000,1638000,200,㉢,반올림단위;예약행있음
AF90H17D35ERS,AR70H06D1A1Q,가정용 에어컨 무풍콤보 갤러리프로 세미 에센셜 화이트 벽걸이,ACCESSORY,287000,287000,287000,287000,0,동일,예약행있음
AF90H17D35ES,AF90H17D0QBX,가정용 에어컨 무풍콤보 갤러리프로 세미 에센셜 화이트 실외기,OUTDOOR,976000,976000,976000,976000,0,동일,
AF90H17D35ES,AF90H17D35EN,가정용 에어컨 무풍콤보 갤러리프로 세미 에센셜 플럼 실내기,INDOOR,1464000,1464000,1464000,1464000,0,동일,
AF90H17D35WRS,AF90H17D0QBX,가정용 에어컨 무풍콤보 갤러리프로 세미 에센셜 화이트 실외기,OUTDOOR,977200,977000,977000,805000,-200,㉢,반올림단위;예약행있음
AF90H17D35WRS,AF90H17D35WN,가정용 에어컨 무풍콤보 갤러리프로 세미 에센셜 화이트 실내기,INDOOR,1465800,1466000,1466000,1638000,200,㉢,반올림단위;예약행있음
AF90H17D35WRS,AR70H06D1A1Q,가정용 에어컨 무풍콤보 갤러리프로 세미 에센셜 화이트 벽걸이,ACCESSORY,287000,287000,287000,287000,0,동일,예약행있음
AF90H17D35WS,AF90H17D0QBX,가정용 에어컨 무풍콤보 갤러리프로 세미 에센셜 화이트 실외기,OUTDOOR,976000,976000,976000,976000,0,동일,
AF90H17D35WS,AF90H17D35WN,가정용 에어컨 무풍콤보 갤러리프로 세미 에센셜 화이트 실내기,INDOOR,1464000,1464000,1464000,1464000,0,동일,
AF90H17D38ERS,AF90H17D01BX,가정용 에어컨 무풍콤보 갤러리프로 세미 에센셜 화이트 실외기,OUTDOOR,1061200,1061000,1061000,889000,-200,㉢,반올림단위;예약행있음
AF90H17D38ERS,AF90H17D38EN,가정용 에어컨 무풍콤보 갤러리프로 세미 에센셜 플럼 실내기,INDOOR,1591800,1592000,1592000,1764000,200,㉢,반올림단위;예약행있음
AF90H17D38ERS,AR70H06D1A1Q,가정용 에어컨 무풍콤보 갤러리프로 세미 에센셜 화이트 벽걸이,ACCESSORY,287000,287000,287000,287000,0,동일,예약행있음
AF90H17D38ES,AF90H17D01BX,가정용 에어컨 무풍콤보 갤러리프로 세미 에센셜 화이트 실외기,OUTDOOR,1064000,1064000,1064000,1064000,0,동일,
AF90H17D38ES,AF90H17D38EN,가정용 에어컨 무풍콤보 갤러리프로 세미 에센셜 플럼 실내기,INDOOR,1596000,1596000,1596000,1596000,0,동일,
AF90H17D38WRS,AF90H17D01BX,가정용 에어컨 무풍콤보 갤러리프로 세미 에센셜 화이트 실외기,OUTDOOR,1061200,1061000,1061000,889000,-200,㉢,반올림단위;예약행있음
AF90H17D38WRS,AF90H17D38WN,가정용 에어컨 무풍콤보 갤러리프로 세미 에센셜 화이트 실내기,INDOOR,1591800,1592000,1592000,1764000,200,㉢,반올림단위;예약행있음
AF90H17D38WRS,AR70H06D1A1Q,가정용 에어컨 무풍콤보 갤러리프로 세미 에센셜 화이트 벽걸이,ACCESSORY,287000,287000,287000,287000,0,동일,예약행있음
AF90H17D38WS,AF90H17D01BX,가정용 에어컨 무풍콤보 갤러리프로 세미 에센셜 화이트 실외기,OUTDOOR,1064000,1064000,1064000,1064000,0,동일,
AF90H17D38WS,AF90H17D38WN,가정용 에어컨 무풍콤보 갤러리프로 세미 에센셜 화이트 실내기,INDOOR,1596000,1596000,1596000,1596000,0,동일,
AF90H19D24GRS,AF90H19D0PBX,가정용 에어컨 무풍콤보 갤러리프로 세미 에센셜 화이트 실외기,OUTDOOR,961200,961000,961000,789000,-200,㉢,반올림단위;예약행있음
AF90H19D24GRS,AF90H19D24GN,가정용 에어컨 무풍콤보 갤러리프로 무청 미스티 그레이 실내기,INDOOR,1441800,1442000,1442000,1614000,200,㉢,반올림단위;예약행있음
AF90H19D24GRS,AR70H06D1A1Q,가정용 에어컨 무풍콤보 갤러리프로 세미 에센셜 화이트 벽걸이,ACCESSORY,287000,287000,287000,287000,0,동일,예약행있음
AF90H19D24GS,AF90H19D0PBX,가정용 에어컨 무풍콤보 갤러리프로 세미 에센셜 화이트 실외기,OUTDOOR,960000,960000,960000,960000,0,동일,
AF90H19D24GS,AF90H19D24GN,가정용 에어컨 무풍콤보 갤러리프로 무청 미스티 그레이 실내기,INDOOR,1440000,1440000,1440000,1440000,0,동일,
AF90H19D24SRS,AF90H19D0PBX,가정용 에어컨 무풍콤보 갤러리프로 세미 에센셜 화이트 실외기,OUTDOOR,961200,961000,961000,789000,-200,㉢,반올림단위;예약행있음
AF90H19D24SRS,AF90H19D24SN,가정용 에어컨 무풍콤보 갤러리프로 무청 사틴 그레이지 실내기,INDOOR,1441800,1442000,1442000,1614000,200,㉢,반올림단위;예약행있음
AF90H19D24SRS,AR70H06D1A1Q,가정용 에어컨 무풍콤보 갤러리프로 세미 에센셜 화이트 벽걸이,ACCESSORY,287000,287000,287000,287000,0,동일,예약행있음
AF90H19D24SS,AF90H19D0PBX,가정용 에어컨 무풍콤보 갤러리프로 세미 에센셜 화이트 실외기,OUTDOOR,960000,960000,960000,960000,0,동일,
AF90H19D24SS,AF90H19D24SN,가정용 에어컨 무풍콤보 갤러리프로 무청 사틴 그레이지 실내기,INDOOR,1440000,1440000,1440000,1440000,0,동일,
AF90H19D27SRS,AF90H19D01BX,가정용 에어컨 무풍콤보 갤러리프로 세미 에센셜 화이트 실외기,OUTDOOR,1077200,1077000,1077000,905000,-200,㉢,반올림단위;예약행있음
AF90H19D27SRS,AF90H19D27SN,가정용 에어컨 무풍콤보 갤러리프로 무청 사틴 그레이지 실내기,INDOOR,1615800,1616000,1616000,1788000,200,㉢,반올림단위;예약행있음
AF90H19D27SRS,AR70H06D1A1Q,가정용 에어컨 무풍콤보 갤러리프로 세미 에센셜 화이트 벽걸이,ACCESSORY,287000,287000,287000,287000,0,동일,예약행있음
AF90H19D27SS,AF90H19D01BX,가정용 에어컨 무풍콤보 갤러리프로 세미 에센셜 화이트 실외기,OUTDOOR,1076000,1076000,1076000,1076000,0,동일,
AF90H19D27SS,AF90H19D27SN,가정용 에어컨 무풍콤보 갤러리프로 무청 사틴 그레이지 실내기,INDOOR,1614000,1614000,1614000,1614000,0,동일,
AF90H19D35ERS,AF90H19D0PBX,가정용 에어컨 무풍콤보 갤러리프로 세미 에센셜 화이트 실외기,OUTDOOR,1005200,1005000,1005000,833000,-200,㉢,반올림단위;예약행있음
AF90H19D35ERS,AF90H19D35EN,가정용 에어컨 무풍콤보 갤러리프로 세미 에센셜 플럼 실내기,INDOOR,1507800,1508000,1508000,1680000,200,㉢,반올림단위;예약행있음
AF90H19D35ERS,AR70H06D1A1Q,가정용 에어컨 무풍콤보 갤러리프로 세미 에센셜 화이트 벽걸이,ACCESSORY,287000,287000,287000,287000,0,동일,예약행있음
AF90H19D35ES,AF90H19D0PBX,가정용 에어컨 무풍콤보 갤러리프로 세미 에센셜 화이트 실외기,OUTDOOR,1004000,1004000,1004000,1004000,0,동일,
AF90H19D35ES,AF90H19D35EN,가정용 에어컨 무풍콤보 갤러리프로 세미 에센셜 플럼 실내기,INDOOR,1506000,1506000,1506000,1506000,0,동일,
AF90H19D35WRS,AF90H19D0PBX,가정용 에어컨 무풍콤보 갤러리프로 세미 에센셜 화이트 실외기,OUTDOOR,1005200,1005000,1005000,833000,-200,㉢,반올림단위;예약행있음
AF90H19D35WRS,AF90H19D35WN,가정용 에어컨 무풍콤보 갤러리프로 세미 에센셜 화이트 실내기,INDOOR,1507800,1508000,1508000,1680000,200,㉢,반올림단위;예약행있음
AF90H19D35WRS,AR70H06D1A1Q,가정용 에어컨 무풍콤보 갤러리프로 세미 에센셜 화이트 벽걸이,ACCESSORY,287000,287000,287000,287000,0,동일,예약행있음
AF90H19D35WS,AF90H19D0PBX,가정용 에어컨 무풍콤보 갤러리프로 세미 에센셜 화이트 실외기,OUTDOOR,1004000,1004000,1004000,1004000,0,동일,
AF90H19D35WS,AF90H19D35WN,가정용 에어컨 무풍콤보 갤러리프로 세미 에센셜 화이트 실내기,INDOOR,1506000,1506000,1506000,1506000,0,동일,
AF90H19D38WRS,AF90H19D01BX,가정용 에어컨 무풍콤보 갤러리프로 세미 에센셜 화이트 실외기,OUTDOOR,1149200,1149000,1149000,977000,-200,㉢,반올림단위;예약행있음
AF90H19D38WRS,AF90H19D38WN,가정용 에어컨 무풍콤보 갤러리프로 세미 에센셜 화이트 실내기,INDOOR,1723800,1724000,1724000,1896000,200,㉢,반올림단위;예약행있음
AF90H19D38WRS,AR70H06D1A1Q,가정용 에어컨 무풍콤보 갤러리프로 세미 에센셜 화이트 벽걸이,ACCESSORY,287000,287000,287000,287000,0,동일,예약행있음
AF90H19D38WS,AF90H19D01BX,가정용 에어컨 무풍콤보 갤러리프로 세미 에센셜 화이트 실외기,OUTDOOR,1148000,1148000,1148000,1148000,0,동일,
AF90H19D38WS,AF90H19D38WN,가정용 에어컨 무풍콤보 갤러리프로 세미 에센셜 화이트 실내기,INDOOR,1722000,1722000,1722000,1722000,0,동일,
AF90H22D35ERS,AF90H22D01BX,가정용 에어컨 무풍콤보 갤러리프로 공청 에센셜 화이트 실외기,OUTDOOR,1253200,1253000,1253000,1081000,-200,㉢,반올림단위;예약행있음
AF90H22D35ERS,AF90H22D35EN,가정용 에어컨 무풍콤보 갤러리프로 세미 에센셜 플럼 실내기,INDOOR,1879800,1880000,1880000,2052000,200,㉢,반올림단위;예약행있음
AF90H22D35ERS,AR70H06D1A1Q,가정용 에어컨 무풍콤보 갤러리프로 세미 에센셜 화이트 벽걸이,ACCESSORY,287000,287000,287000,287000,0,동일,예약행있음
AF90H22D35ES,AF90H22D01BX,가정용 에어컨 무풍콤보 갤러리프로 공청 에센셜 화이트 실외기,OUTDOOR,1252000,1252000,1252000,1252000,0,동일,
AF90H22D35ES,AF90H22D35EN,가정용 에어컨 무풍콤보 갤러리프로 세미 에센셜 플럼 실내기,INDOOR,1878000,1878000,1878000,1878000,0,동일,
AF90H22D35WRS,AF90H22D01BX,가정용 에어컨 무풍콤보 갤러리프로 공청 에센셜 화이트 실외기,OUTDOOR,1253200,1253000,1253000,1081000,-200,㉢,반올림단위;예약행있음
AF90H22D35WRS,AF90H22D35WN,가정용 에어컨 무풍콤보 갤러리프로 세미 에센셜 화이트 실내기,INDOOR,1879800,1880000,1880000,2052000,200,㉢,반올림단위;예약행있음
AF90H22D35WRS,AR70H06D1A1Q,가정용 에어컨 무풍콤보 갤러리프로 세미 에센셜 화이트 벽걸이,ACCESSORY,287000,287000,287000,287000,0,동일,예약행있음
AF90H22D35WS,AF90H22D01BX,가정용 에어컨 무풍콤보 갤러리프로 공청 에센셜 화이트 실외기,OUTDOOR,1252000,1252000,1252000,1252000,0,동일,
AF90H22D35WS,AF90H22D35WN,가정용 에어컨 무풍콤보 갤러리프로 세미 에센셜 화이트 실내기,INDOOR,1878000,1878000,1878000,1878000,0,동일,
AF90H22D36WRS,AF90H22D01BX,가정용 에어컨 무풍콤보 갤러리프로 공청 에센셜 화이트 실외기,OUTDOOR,1402800,1403000,1403000,1143000,200,㉢,반올림단위;예약행있음
AF90H22D36WRS,AF90H22D36WN,가정용 에어컨 무풍콤보 갤러리프로 공청 에센셜 화이트 실내기,INDOOR,2104200,2104000,2104000,2364000,-200,㉢,반올림단위;예약행있음
AF90H22D36WRS,AR80H06D2A1Q,가정용 에어컨 무풍콤보 갤러리프로 공청 에센셜 화이트 벽걸이,ACCESSORY,433000,433000,433000,433000,0,동일,예약행있음
AF90H22D36WS,AF90H22D01BX,가정용 에어컨 무풍콤보 갤러리프로 공청 에센셜 화이트 실외기,OUTDOOR,1392000,1392000,1392000,1392000,0,동일,
AF90H22D36WS,AF90H22D36WN,가정용 에어컨 무풍콤보 갤러리프로 공청 에센셜 화이트 실내기,INDOOR,2088000,2088000,2088000,2088000,0,동일,
AF90H25D36WRS,AF90H25D01BX,가정용 에어컨 무풍콤보 갤러리프로 공청 에센셜 화이트 실외기,OUTDOOR,1766800,1767000,1767000,1507000,200,㉢,반올림단위;예약행있음
AF90H25D36WRS,AF90H25D36WN,가정용 에어컨 무풍콤보 갤러리프로 공청 에센셜 화이트 실내기,INDOOR,2650200,2650000,2650000,2910000,-200,㉢,반올림단위;예약행있음
AF90H25D36WRS,AR80H06D2A1Q,가정용 에어컨 무풍콤보 갤러리프로 공청 에센셜 화이트 벽걸이,ACCESSORY,433000,433000,433000,433000,0,동일,예약행있음
AF90H25D36WS,AF90H25D01BX,가정용 에어컨 무풍콤보 갤러리프로 공청 에센셜 화이트 실외기,OUTDOOR,1760000,1760000,1760000,1760000,0,동일,
AF90H25D36WS,AF90H25D36WN,가정용 에어컨 무풍콤보 갤러리프로 공청 에센셜 화이트 실내기,INDOOR,2640000,2640000,2640000,2640000,0,동일,
AP052BAPPBH2S,AP052BNPPBH1,냉난방 프리미엄 스탠드 실내기,INDOOR,476000,476000,476000,476000,0,동일,
AP052BAPPBH2S,AP052BXPPBH3,냉난방 프리미엄 스탠드 실외기,OUTDOOR,714000,714000,714000,714000,0,동일,
AP052CAPPBH1S,AC052CXAPBH1,냉난방 프레스티지 스탠드 실외기,OUTDOOR,0,0,0,,0,동일,
AP052CAPPBH1S,AP052CNPPBH1,냉난방 프레스티지 스탠드 실내기,INDOOR,0,0,0,,0,동일,
AP052CSPFBH2SPP,AP052CNPFBH1PP,냉난방 스탠드 1등급 실내기,INDOOR,840000,840000,840000,840000,0,동일,
AP052CSPFBH2SPP,AP052CXPFBH1PP,냉난방 스탠드 1등급 실외기,OUTDOOR,1260000,1260000,1260000,1260000,0,동일,
AP060BAPPBH2S,AC060BXAPBH3,무풍 4way 냉난방 프리미엄 실외기,OUTDOOR,720000,720000,720000,720000,0,동일,
AP060BAPPBH2S,AP060RNPPBH1,냉난방 프리미엄 스탠드 실내기,INDOOR,480000,480000,480000,480000,0,동일,
AP060CAPPBH1S,AC060CXAPBH1,360 CST UV 실외기,OUTDOOR,900000,900000,900000,900000,0,동일,
AP060CAPPBH1S,AP060CNPPBH1,냉난방 프레스티지 스탠드 실내기,INDOOR,600000,600000,600000,600000,0,동일,
AP060CSPFBH2SPP,AP060CNPFBH1PP,냉난방 스탠드 1등급 실내기,INDOOR,952000,952000,952000,952000,0,동일,
AP060CSPFBH2SPP,AP060CXPFBH1PP,냉난방 스탠드 1등급 실외기,OUTDOOR,1428000,1428000,1428000,1428000,0,동일,
AP072BAPDBH2S,AP072BNPDBH1,냉난방 디럭스 스탠드 실내기,INDOOR,412000,412000,412000,412000,0,동일,
AP072BAPDBH2S,AP072BXPDBH1,냉난방 디럭스 스탠드 실외기,OUTDOOR,618000,618000,618000,618000,0,동일,
AP072BAPPBH2S,AC072BXAPBH5,무풍 4way 냉난방 프리미엄 실외기,OUTDOOR,780000,780000,780000,780000,0,동일,
AP072BAPPBH2S,AP072BNPPBH1,냉난방 프리미엄 스탠드 실내기,INDOOR,520000,520000,520000,520000,0,동일,
AP072CAPPBH1S,AC072CXAPBH1,360 CST UV 실외기,OUTDOOR,1014000,1014000,1014000,1014000,0,동일,
AP072CAPPBH1S,AP072CNPPBH1,냉난방 프레스티지 스탠드 실내기,INDOOR,676000,676000,676000,676000,0,동일,
AP072CSPFBH2SPP,AP072CNPFBH1PP,냉난방 스탠드 1등급 실내기,INDOOR,1012000,1012000,1012000,1012000,0,동일,
AP072CSPFBH2SPP,AP072CXPFBH1PP,냉난방 스탠드 1등급 실외기,OUTDOOR,1518000,1518000,1518000,1518000,0,동일,
AP083BAPPBH2S,AP083BNPPBH1,냉난방 프리미엄 스탠드 실내기,INDOOR,544000,544000,544000,544000,0,동일,
AP083BAPPBH2S,AP083BXPPBH3,냉난방 프리미엄 스탠드 실외기,OUTDOOR,816000,816000,816000,816000,0,동일,
AP083BSPPBH6SY,AP083BNPPBH6,비스포크 스탠드 콰이엇 그레이 실내기,INDOOR,612000,612000,612000,612000,0,동일,
AP083BSPPBH6SY,AP083BXPPBH3,냉난방 프리미엄 스탠드 실외기,OUTDOOR,918000,918000,918000,918000,0,동일,
AP083BSPPBH7SY,AP083BNPPBH7,비스포크 스탠드 세이지 블루 실내기,INDOOR,612000,612000,612000,612000,0,동일,
AP083BSPPBH7SY,AP083BXPPBH3,냉난방 프리미엄 스탠드 실외기,OUTDOOR,918000,918000,918000,918000,0,동일,
AP083BSPPBH8SY,AP083BNPPBH8,비스포크 스탠드 프라임 핑크 실내기,INDOOR,612000,612000,612000,612000,0,동일,
AP083BSPPBH8SY,AP083BXPPBH3,냉난방 프리미엄 스탠드 실외기,OUTDOOR,918000,918000,918000,918000,0,동일,
AP083CAPPBH1S,AC083CXAPBH1,냉난방 프레스티지 스탠드 실외기,OUTDOOR,1044000,1044000,1044000,1044000,0,동일,
AP083CAPPBH1S,AP083CNPPBH1,냉난방 프레스티지 스탠드 실내기,INDOOR,696000,696000,696000,696000,0,동일,
AP083CSPDBC1S,AC083CXADBC1,무풍 4way 냉방전용 실외기,OUTDOOR,690000,690000,690000,690000,0,동일,
AP083CSPDBC1S,AP083CNPDBC1,냉전 스탠드 실내기,INDOOR,460000,460000,460000,460000,0,동일,
AP083CSPFBH2SPP,AP083CNPFBH1PP,냉난방 스탠드 1등급 실내기,INDOOR,1060000,1060000,1060000,1060000,0,동일,
AP083CSPFBH2SPP,AP083CXPFBH1PP,냉난방 스탠드 1등급 실외기,OUTDOOR,1590000,1590000,1590000,1590000,0,동일,
AP110BAPPBH2S,AC110BXAPBH3,무풍 4way 냉난방 프리미엄 실외기,OUTDOOR,1050000,1050000,1050000,1050000,0,동일,
AP110BAPPBH2S,AP110RNPPBH1,냉난방 프리미엄 스탠드 실내기,INDOOR,700000,700000,700000,700000,0,동일,
AP110BAPPHH2S,AC110BXAPHH3,무풍 4way 냉난방 프리미엄 실외기,OUTDOOR,1050000,1050000,1050000,1050000,0,동일,
AP110BAPPHH2S,AP110RNPPHH1,냉난방 프리미엄 스탠드 실내기,INDOOR,700000,700000,700000,,0,동일,
AP110BSPPBH6SY,AC110BXAPBH3,무풍 4way 냉난방 프리미엄 실외기,OUTDOOR,1170000,1170000,1170000,1170000,0,동일,
AP110BSPPBH6SY,AP110RNPPBH6,비스포크 스탠드 콰이엇 그레이 실내기,INDOOR,780000,780000,780000,780000,0,동일,
AP110BSPPBH7SY,AC110BXAPBH3,무풍 4way 냉난방 프리미엄 실외기,OUTDOOR,1170000,1170000,1170000,1170000,0,동일,
AP110BSPPBH7SY,AP110RNPPBH7,비스포크 스탠드 세이지 블루 실내기,INDOOR,780000,780000,780000,780000,0,동일,
AP110BSPPBH8SY,AC110BXAPBH3,무풍 4way 냉난방 프리미엄 실외기,OUTDOOR,1170000,1170000,1170000,1170000,0,동일,
AP110BSPPBH8SY,AP110RNPPBH8,비스포크 스탠드 프라임 핑크 실내기,INDOOR,780000,780000,780000,780000,0,동일,
AP110BSPPHH6SY,AC110BXAPHH3,무풍 4way 냉난방 프리미엄 실외기,OUTDOOR,1170000,1170000,1170000,1170000,0,동일,
AP110BSPPHH6SY,AP110RNPPHH6,비스포크 스탠드 콰이엇 그레이 실내기,INDOOR,780000,780000,780000,780000,0,동일,
AP110BSPPHH7SY,AC110BXAPHH3,무풍 4way 냉난방 프리미엄 실외기,OUTDOOR,1170000,1170000,1170000,1170000,0,동일,
AP110BSPPHH7SY,AP110RNPPHH7,비스포크 스탠드 세이지 블루 실내기,INDOOR,780000,780000,780000,780000,0,동일,
AP110BSPPHH8SY,AC110BXAPHH3,무풍 4way 냉난방 프리미엄 실외기,OUTDOOR,1170000,1170000,1170000,1170000,0,동일,
AP110BSPPHH8SY,AP110RNPPHH8,비스포크 스탠드 프라임 핑크 실내기,INDOOR,780000,780000,780000,780000,0,동일,
AP110CAPPBH1S,AC110CXAPBH1,360 CST UV 실외기,OUTDOOR,1278000,1278000,1278000,1278000,0,동일,
AP110CAPPBH1S,AP110CNPPBH1,냉난방 프레스티지 스탠드 실내기,INDOOR,852000,852000,852000,852000,0,동일,
AP110CAPPHH1S,AC110CXAPHH1,360 CST UV 실외기,OUTDOOR,1278000,1278000,1278000,1278000,0,동일,
AP110CAPPHH1S,AP110CNPPHH1,냉난방 프레스티지 스탠드 실내기,INDOOR,852000,852000,852000,852000,0,동일,
AP110CSPDBC1S,AC110CXADBC1,무풍 4way 냉방전용 실외기,OUTDOOR,882000,882000,882000,882000,0,동일,
AP110CSPDBC1S,AP110CNPDBC1,냉전 스탠드 실내기,INDOOR,588000,588000,588000,588000,0,동일,
AP130BAPDBH2S,AP130BNPDBH1,냉난방 디럭스 스탠드 실내기,INDOOR,612000,612000,612000,612000,0,동일,
AP130BAPDBH2S,AP130BXPDBH1,냉난방 디럭스 스탠드 실외기,OUTDOOR,918000,918000,918000,918000,0,동일,
AP130BAPPBH2S,AC130BXAPBH3,무풍 4way 냉난방 프리미엄 실외기,OUTDOOR,1158000,1158000,1158000,1158000,0,동일,
AP130BAPPBH2S,AP130RNPPBH1,냉난방 프리미엄 스탠드 실내기,INDOOR,772000,772000,772000,772000,0,동일,
AP130BAPPHH2S,AC130BXAPHH3,무풍 4way 냉난방 프리미엄 실외기,OUTDOOR,1158000,1158000,1158000,1158000,0,동일,
AP130BAPPHH2S,AP130RNPPBH1,냉난방 프리미엄 스탠드 실내기,INDOOR,772000,772000,772000,772000,0,동일,
AP130CAPPBH1S,AC130CXAPBH1,360 CST UV 실외기,OUTDOOR,1494000,1494000,1494000,1494000,0,동일,
AP130CAPPBH1S,AP130CNPPBH1,냉난방 프레스티지 스탠드 실내기,INDOOR,996000,996000,996000,996000,0,동일,
AP130CAPPHH1S,AC130CXAPHH1,360 CST UV 실외기,OUTDOOR,1494000,1494000,1494000,1494000,0,동일,
AP130CAPPHH1S,AP130CNPPHH1,냉난방 프레스티지 스탠드 실내기,INDOOR,996000,996000,996000,996000,0,동일,
AP145BAPDHH2S,AC145BXADHH1,싱글 덕트 실외기,OUTDOOR,966000,966000,966000,966000,0,동일,
AP145BAPDHH2S,AP145RNPDHH1,냉난방 디럭스 스탠드 실내기,INDOOR,644000,644000,644000,644000,0,동일,
AP145BAPPHH2S,AC145BXAPHH5,무풍 4way 냉난방 프리미엄 실외기,OUTDOOR,1134000,1134000,1134000,1188000,0,동일,
AP145BAPPHH2S,AP145BNPPHH1,냉난방 프리미엄 스탠드 실내기,INDOOR,756000,756000,756000,792000,0,동일,
AP145BSPPHH6SY,AC145BXAPHH5,무풍 4way 냉난방 프리미엄 실외기,OUTDOOR,1410000,1410000,1410000,1410000,0,동일,
AP145BSPPHH6SY,AP145BNPPHH6,비스포크 스탠드 콰이엇 그레이 실내기,INDOOR,940000,940000,940000,940000,0,동일,
AP145BSPPHH7SY,AC145BXAPHH5,무풍 4way 냉난방 프리미엄 실외기,OUTDOOR,1410000,1410000,1410000,1410000,0,동일,
AP145BSPPHH7SY,AP145BNPPHH7,비스포크 스탠드 세이지 블루 실내기,INDOOR,940000,940000,940000,940000,0,동일,
AP145BSPPHH8SY,AC145BXAPHH5,무풍 4way 냉난방 프리미엄 실외기,OUTDOOR,1410000,1410000,1410000,1410000,0,동일,
AP145BSPPHH8SY,AP145BNPPHH8,비스포크 스탠드 프라임 핑크 실내기,INDOOR,940000,940000,940000,940000,0,동일,
AP145CAPPHH1S,AC145CXAPHH1,360 CST UV 실외기,OUTDOOR,1446000,1446000,1446000,1446000,0,동일,
AP145CAPPHH1S,AP145CNPPHH1,냉난방 프레스티지 스탠드 실내기,INDOOR,964000,964000,964000,964000,0,동일,
AP145CSPDHC1S,AP145CNPDHC1,냉전 스탠드 실내기,INDOOR,768000,768000,768000,768000,0,동일,
AP145CSPDHC1S,AP145CXPDHC1,냉전 스탠드 실외기,OUTDOOR,1152000,1152000,1152000,1152000,0,동일,
AP230DAPDHH1S,AP230DNPDHH1,냉난방 프리미엄 스탠드 실내기,INDOOR,1680000,1680000,1680000,1680000,0,동일,
AP230DAPDHH1S,AP230DXPDHH1,냉난방 프리미엄 스탠드 실외기,OUTDOOR,2520000,2520000,2520000,2520000,0,동일,
AP290DAPDHH1S,AP290DNPDHH1,냉난방 프리미엄 스탠드 실내기,INDOOR,1860000,1860000,1860000,1860000,0,동일,
AP290DAPDHH1S,AP290DXPDHH1,냉난방 프리미엄 스탠드 실외기,OUTDOOR,2790000,2790000,2790000,2790000,0,동일,
AR06D1150HZS,AR06D1150HAX,냉전 일반 벽걸이 실외기,OUTDOOR,216000,216000,216000,222000,0,동일,
AR06D1150HZS,AR06D1150HZN,냉전 일반 벽걸이 실내기,INDOOR,144000,144000,144000,148000,0,동일,
AR07C9180HZS,AR07C9180HCX,냉난방 무풍 벽걸이 실외기,OUTDOOR,498000,498000,498000,498000,0,동일,
AR07C9180HZS,AR07C9180HZN,냉난방 무풍 벽걸이 실내기,INDOOR,332000,332000,332000,332000,0,동일,
AR07C9181HZS,AR07C9181HEX,냉난방 무풍 벽걸이 실외기,OUTDOOR,690000,690000,690000,690000,0,동일,
AR07C9181HZS,AR07C9181HZN,냉난방 무풍 벽걸이 실내기,INDOOR,460000,460000,460000,460000,0,동일,
AR07D9150HZS,AR07D9150HAX,냉전 무풍 벽걸이 실외기,OUTDOOR,339000,339000,339000,339000,0,동일,
AR07D9150HZS,AR07D9150HZN,냉전 무풍 벽걸이 실내기,INDOOR,226000,226000,226000,226000,0,동일,
AR07D9151HZS,AR07D9151HCX,냉전 무풍 벽걸이 실외기,OUTDOOR,414000,414000,414000,414000,0,동일,
AR07D9151HZS,AR07D9151HZN,냉전 무풍 벽걸이 실내기,INDOOR,276000,276000,276000,276000,0,동일,
AR07D9181HZS,AR07D9181HCX,냉난방 무풍 벽걸이 실외기,OUTDOOR,480000,480000,480000,480000,0,동일,
AR07D9181HZS,AR07D9181HZN,냉난방 무풍 벽걸이 실내기,INDOOR,320000,320000,320000,320000,0,동일,
AR09C9180HZS,AR09C9180HCX,냉난방 무풍 벽걸이 실외기,OUTDOOR,534000,534000,534000,534000,0,동일,
AR09C9180HZS,AR09C9180HZN,냉난방 무풍 벽걸이 실내기,INDOOR,356000,356000,356000,356000,0,동일,
AR09D9150HZS,AR09D9150HCX,냉전 무풍 벽걸이 실외기,OUTDOOR,444000,444000,444000,444000,0,동일,
AR09D9150HZS,AR09D9150HZN,냉전 무풍 벽걸이 실내기,INDOOR,296000,296000,296000,296000,0,동일,
AR10B5150HZS,AR10B5150HAX,냉전 일반 벽걸이 실외기,OUTDOOR,300000,300000,300000,300000,0,동일,
AR10B5150HZS,AR10B5150HZN,냉전 일반 벽걸이 실내기,INDOOR,200000,200000,200000,200000,0,동일,
AR11C9180HZS,AR11C9180HDX,냉난방 무풍 벽걸이 실외기,OUTDOOR,594000,594000,594000,594000,0,동일,
AR11C9180HZS,AR11C9180HZN,냉난방 무풍 벽걸이 실내기,INDOOR,396000,396000,396000,396000,0,동일,
AR11D9150HZS,AR11D9150HDX,냉전 무풍 벽걸이 실외기,OUTDOOR,450000,450000,450000,450000,0,동일,
AR11D9150HZS,AR11D9150HZN,냉전 무풍 벽걸이 실내기,INDOOR,300000,300000,300000,300000,0,동일,
AR13C9180HZS,AR13C9180HEX,냉난방 무풍 벽걸이 실외기,OUTDOOR,630000,630000,630000,630000,0,동일,
AR13C9180HZS,AR13C9180HZN,냉난방 무풍 벽걸이 실내기,INDOOR,420000,420000,420000,420000,0,동일,
AR13D9150HZS,AR13D9150HDX,냉전 무풍 벽걸이 실외기,OUTDOOR,516000,516000,516000,516000,0,동일,
AR13D9150HZS,AR13D9150HZN,냉전 무풍 벽걸이 실내기,INDOOR,344000,344000,344000,344000,0,동일,
AR15D9150HZS,AR15D9150HDX,냉전 무풍 벽걸이 실외기,OUTDOOR,558000,558000,558000,558000,0,동일,
AR15D9150HZS,AR15D9150HZN,냉전 무풍 벽걸이 실내기,INDOOR,372000,372000,372000,372000,0,동일,
AR16C9180HZS,AR16C9180HEX,냉난방 무풍 벽걸이 실외기,OUTDOOR,720000,720000,720000,720000,0,동일,
AR16C9180HZS,AR16C9180HZN,냉난방 무풍 벽걸이 실내기,INDOOR,480000,480000,480000,480000,0,동일,
AR50F10D13HS,AR50F10D13HNKO,냉전 일반 벽걸이 실내기,INDOOR,194400,194000,194000,194000,-400,㉠,반올림단위;예약행있음
AR50F10D13HS,AR50F10D13HXKO,냉전 일반 벽걸이 실외기,OUTDOOR,291600,292000,292000,292000,400,㉠,반올림단위;예약행있음
AR50F10D13HS,ARR-NK3F,가정용 벽걸이 리모컨,REMOTE,34000,34000,34000,34000,0,동일,예약행있음
AR60F07C11WS,AR60F07C11WNKO,냉난방 무풍 벽걸이 실내기,INDOOR,446400,446000,446000,446000,-400,㉠,반올림단위;예약행있음
AR60F07C11WS,AR60F07C11WXKO,냉난방 무풍 벽걸이 실외기,OUTDOOR,669600,670000,670000,670000,400,㉠,반올림단위;예약행있음
AR60F07C11WS,ARR-WK8F,가정용 벽걸이 리모컨,REMOTE,34000,34000,34000,34000,0,동일,예약행있음
AR60F07C12WS,AR60F07C12WNKO,냉난방 무풍 벽걸이 실내기,INDOOR,322400,322000,322000,322000,-400,㉠,반올림단위;예약행있음
AR60F07C12WS,AR60F07C12WXKO,냉난방 무풍 벽걸이 실외기,OUTDOOR,483600,484000,484000,484000,400,㉠,반올림단위;예약행있음
AR60F07C12WS,ARR-WK8F,가정용 벽걸이 리모컨,REMOTE,34000,34000,34000,34000,0,동일,예약행있음
AR60F07C14WS,AR60F07C14WNKO,냉난방 무풍 벽걸이 실내기,INDOOR,306400,306000,306000,306000,-400,㉠,반올림단위;예약행있음
AR60F07C14WS,AR60F07C14WXKO,냉난방 무풍 벽걸이 실외기,OUTDOOR,459600,460000,460000,460000,400,㉠,반올림단위;예약행있음
AR60F07C14WS,ARR-WK8F,가정용 벽걸이 리모컨,REMOTE,34000,34000,34000,34000,0,동일,예약행있음
AR60F07D11WS,AR60F07D11WNKO,냉전 무풍 벽걸이 실내기,INDOOR,266400,266000,266000,266000,-400,㉠,반올림단위;예약행있음
AR60F07D11WS,AR60F07D11WXKO,냉전 무풍 벽걸이 실외기,OUTDOOR,399600,400000,400000,400000,400,㉠,반올림단위;예약행있음
AR60F07D11WS,ARR-WK8F,가정용 벽걸이 리모컨,REMOTE,34000,34000,34000,34000,0,동일,예약행있음
AR60F07D12WS,AR60F07D12WNKO,냉전 무풍 벽걸이 실내기,INDOOR,222400,222000,222000,222000,-400,㉠,반올림단위;예약행있음
AR60F07D12WS,AR60F07D12WXKO,냉전 무풍 벽걸이 실외기,OUTDOOR,333600,334000,334000,334000,400,㉠,반올림단위;예약행있음
AR60F07D12WS,ARR-WK8F,가정용 벽걸이 리모컨,REMOTE,34000,34000,34000,34000,0,동일,예약행있음
AR60F09C13WS,AR60F09C13WNKO,냉난방 무풍 벽걸이 실내기,INDOOR,354400,354000,354000,354000,-400,㉠,반올림단위;예약행있음
AR60F09C13WS,AR60F09C13WXKO,냉난방 무풍 벽걸이 실외기,OUTDOOR,531600,532000,532000,532000,400,㉠,반올림단위;예약행있음
AR60F09C13WS,ARR-WK8F,가정용 벽걸이 리모컨,REMOTE,34000,34000,34000,34000,0,동일,예약행있음
AR60F09D11WS,AR60F09D11WNKO,냉전 무풍 벽걸이 실내기,INDOOR,290400,290000,290000,290000,-400,㉠,반올림단위;예약행있음
AR60F09D11WS,AR60F09D11WXKO,냉전 무풍 벽걸이 실외기,OUTDOOR,435600,436000,436000,436000,400,㉠,반올림단위;예약행있음
AR60F09D11WS,ARR-WK8F,가정용 벽걸이 리모컨,REMOTE,34000,34000,34000,34000,0,동일,예약행있음
AR60F11C13WS,AR60F11C13WNKO,냉난방 무풍 벽걸이 실내기,INDOOR,394400,394000,394000,394000,-400,㉠,반올림단위;예약행있음
AR60F11C13WS,AR60F11C13WXKO,냉난방 무풍 벽걸이 실외기,OUTDOOR,591600,592000,592000,592000,400,㉠,반올림단위;예약행있음
AR60F11C13WS,ARR-WK8F,가정용 벽걸이 리모컨,REMOTE,34000,34000,34000,34000,0,동일,예약행있음
AR60F11D11WS,AR60F11D11WNKO,냉전 무풍 벽걸이 실내기,INDOOR,298400,298000,298000,298000,-400,㉠,반올림단위;예약행있음
AR60F11D11WS,AR60F11D11WXKO,냉전 무풍 벽걸이 실외기,OUTDOOR,447600,448000,448000,448000,400,㉠,반올림단위;예약행있음
AR60F11D11WS,ARR-WK8F,가정용 벽걸이 리모컨,REMOTE,34000,34000,34000,34000,0,동일,예약행있음
AR60F13C13WS,AR60F13C13WNKO,냉난방 무풍 벽걸이 실내기,INDOOR,418400,418000,418000,418000,-400,㉠,반올림단위;예약행있음
AR60F13C13WS,AR60F13C13WXKO,냉난방 무풍 벽걸이 실외기,OUTDOOR,627600,628000,628000,628000,400,㉠,반올림단위;예약행있음
AR60F13C13WS,ARR-WK8F,가정용 벽걸이 리모컨,REMOTE,34000,34000,34000,34000,0,동일,예약행있음
AR60F13D12WS,AR60F13D12WNKO,냉전 무풍 벽걸이 실내기,INDOOR,346400,346000,346000,346000,-400,㉠,반올림단위;예약행있음
AR60F13D12WS,AR60F13D12WXKO,냉전 무풍 벽걸이 실외기,OUTDOOR,519600,520000,520000,520000,400,㉠,반올림단위;예약행있음
AR60F13D12WS,ARR-WK8F,가정용 벽걸이 리모컨,REMOTE,34000,34000,34000,34000,0,동일,예약행있음
AR60F15D12WS,AR60F15D12WNKO,냉전 무풍 벽걸이 실내기,INDOOR,370400,370000,370000,370000,-400,㉠,반올림단위;예약행있음
AR60F15D12WS,AR60F15D12WXKO,냉전 무풍 벽걸이 실외기,OUTDOOR,555600,556000,556000,556000,400,㉠,반올림단위;예약행있음
AR60F15D12WS,ARR-WK8F,가정용 벽걸이 리모컨,REMOTE,34000,34000,34000,34000,0,동일,예약행있음
AR60F16C14WS,AR60F16C14WNKO,냉난방 무풍 벽걸이 실내기,INDOOR,486400,486000,486000,486000,-400,㉠,반올림단위;예약행있음
AR60F16C14WS,AR60F16C14WXKO,냉난방 무풍 벽걸이 실외기,OUTDOOR,729600,730000,730000,730000,400,㉠,반올림단위;예약행있음
AR60F16C14WS,ARR-WK8F,가정용 벽걸이 리모컨,REMOTE,34000,34000,34000,34000,0,동일,예약행있음
AR80F07D21WS,AR80F07D21WNKO,냉전 무풍 벽걸이 실내기,INDOOR,374400,374000,374000,374000,-400,㉠,반올림단위;예약행있음
AR80F07D21WS,AR80F07D21WXKO,냉전 무풍 벽걸이 실외기,OUTDOOR,561600,562000,562000,562000,400,㉠,반올림단위;예약행있음
AR80F07D21WS,ARR-PK8F,가정용 벽걸이 리모컨,REMOTE,34000,34000,34000,34000,0,동일,예약행있음
